status,why,verify,state,pollster,sponsor,partisan,population,n,start_date,end_date,dem_candidate,rep_candidate,dem_pct,rep_pct,margin,note,source_url,mentions,confidence
pending,"누락: start_date,end_date,dem_pct,rep_pct",,AK,Alaska Survey Research,,none,,,,,Peltola,Sullivan,,,,"일일 브리핑 06/15 추출(언급 21회)·트래킹 조사로 반복 인용됨: +4~+6(6/15~17) → +5~6(6/18~21)로 범위만 표기, 단일 수치·기간 미제공. · 마진만 '+5~6' 범위로 보도, 정확한 톱라인·수치 미기재 (추적조사/tracking survey) · 펠톨라 우위 마진이 +5~6 범위로만 보도됨(정확한 수치·조사기간·출처 링크 미기재) · 마진이 범위(+5~6)로만 제시되어 margin_only는 null 처리(단일 수치로 임의 환산하지 않음) · '연속 조사'로 언급된 이전 라운드로 추정 — 8/2~5 최종 라운드(50.8–49.2)와 별개 웨이브일 가능성",https://alaskasurveyresearch.com/senate-tracking-survey/,2026-06-15;2026-06-16;2026-06-17;2026-06-18;2026-06-19;2026-06-20;2026-06-21;2026-07-07;2026-07-08;2026-07-09;2026-07-10;2026-07-11;2026-07-15;2026-07-23;2026-07-26;2026-07-27;2026-07-28;2026-07-29;2026-08-01;2026-08-02;2026-08-13,low
pending,"누락: start_date,end_date",,AK,Alaska Survey Research,,none,,,,,Peltola,Sullivan,49.1,42.5,6.6,일일 브리핑 06/22 추출(언급 10회)·지속 추적조사(트래킹) — 정확한 실사 시작/종료일 불명. 6/22~7/3 내내 '펠톨라 +5~6' 형태로 반복 인용되다 6/27 브리핑에서 처음 구체 수치(49.1–42.5) 제시되어 이를 대표값으로 사용.,https://alaskasurveyresearch.com/senate-tracking-survey/,2026-06-22;2026-06-23;2026-06-24;2026-06-27;2026-06-28;2026-06-29;2026-06-30;2026-07-01;2026-07-02;2026-07-03,low
pending,"누락: start_date,end_date,dem_pct,rep_pct,source_url",,AK,Data for Progress,,none,,,,,Peltola,Sullivan,,,,"일일 브리핑 08/21 추출·토플라인·표본 미공개, 방향성만 서술",,2026-08-21,low
dup,기존 CSV에 있음,,AK,NYT/Siena,New York Times,none,LV,593,2026-06-15,2026-06-29,Peltola,Sullivan,45,47,-2,"일일 브리핑 07/04 추출(언급 27회)·지명 전 가상 대진(08/18 확정 전) · 예측기관들이 7/1 알래스카를 토스업으로 상향한 근거로 인용됨 · 지명 전 가상 대진(08/18 확정 전) · NYT/Siena 6개주 배터리, 주당 약 600명(근사치, 정확 n 비공개, 07-10 브리핑 기준) · NYT/Siena 경합주 세트(6월 말 조사, 7/1 공개)의 알래스카 결과, CNN 8/3 분석 통해 재조명 · '6월' 시행으로만 언급, 정확한 조사 기간 미기재",https://alaskawatchman.com/2026/07/01/sullivan-holds-slim-lead-over-peltola-in-nyt-alaska-senate-poll/,2026-07-04;2026-07-05;2026-07-06;2026-07-07;2026-07-08;2026-07-09;2026-07-10;2026-07-11;2026-07-12;2026-07-13;2026-07-14;2026-07-15;2026-07-17;2026-07-18;2026-07-19;2026-07-23;2026-07-24;2026-07-25;2026-07-26;2026-07-27;2026-07-28;2026-07-29;2026-08-04;2026-08-13;2026-08-15;2026-08-16;2026-08-18,high
pending,누락: source_url,,AK,Data for Progress,,D,,,2026-07-28,2026-08-04,Peltola,Sullivan,53,47,6,"일일 브리핑 09/03 추출(언급 6회)·지명 전 가상 대진(08/18 확정 전) · 민주 성향 조사기관(partisan D). 초기 인용(9/3)은 '8/17' 단일일자·+6 margin만 제시, 이후 실사기간·toplines 확인됨 · RCV 최종 라운드 시뮬레이션; 소수 후보 영향 '작지만 유의미'라 평가",,2026-09-03;2026-09-04;2026-09-05;2026-09-06;2026-09-07;2026-09-13,medium
dup,기존 CSV에 있음,,AK,Alaska Survey Research,,none,LV,1371,2026-08-02,2026-08-05,Peltola,Sullivan,50.8,49.2,1.6,±3·일일 브리핑 08/15 추출(언급 14회)·지명 전 가상 대진(08/18 확정 전) · 주(州) 최고 신뢰 조사기관으로 서술됨. RCV 시뮬레이션 범위(+1.6~+6)로도 인용됨 · 지명 전 가상 대진(08/18 확정 전) · RCV 최종 라운드(2인 결선) 시뮬레이션 수치 · 지명 전 가상 대진(08/18 확정 전) · 순위선택투표(RCV) 최종 라운드 시뮬레이션 수치,https://www.newsweek.com/dan-sullivan-within-striking-distance-of-mary-peltola-in-alaska-senate-race-12311449,2026-08-15;2026-08-16;2026-08-17;2026-08-18;2026-08-21;2026-09-01;2026-09-03;2026-09-04;2026-09-05;2026-09-06;2026-09-07;2026-09-10;2026-09-11;2026-09-13,high
pending,누락: source_url,,AK,Alaska Survey Research,,none,LV,1495,2026-08-23,2026-08-23,Peltola,Sullivan,51,49,2,일일 브리핑 09/09 추출(언급 3회)·9/2 인용에서도 동일 수치(51–49) 재확인; 8/23은 근사 조사일,,2026-09-09;2026-09-12;2026-09-13,medium
reject,조사기관 없음,,GA,,,none,,,,,Ossoff,Collins,,,,"일일 브리핑 08/27 추출(언급 2회)·조사기관 미공개, CBS Atlanta 보도가 인용; 전체 공개 전까지 방향성 지표로만 취급됨(원문 명시)",https://www.cbsnews.com/atlanta/news/3-republicans-endorse-jon-ossoff-in-georgia-senate-race-as-mike-collins-faces-scrutiny/,2026-08-27;2026-08-28,low
pending,"누락: start_date,end_date",,GA,Echelon Insights,,none,,,,,Ossoff,Collins,51,44,7,일일 브리핑 06/24 추출·'Emerson·Echelon 오소프 +4~9' 형태로 여러 날 반복 인용되나 개별 수치가 아니어서 별도 집계하지 않음; 이 항목은 6/24 단독 인용분만 반영,https://www.opensecrets.org/news/2026/04/small-donors-vs-big-checks-fundraising-divide-shapes-georgia-senate-race/,2026-06-24,low
pending,"누락: start_date,end_date",,GA,Fox News/Beacon·Shaw,,none,LV,,,,Ossoff,Collins,55,44,11,"일일 브리핑 07/24 추출(언급 17회)·07-18/19/20자 Fox 조사(RV, 56–43, 6/23–27, 동일 URL)와 별개 인용치일 가능성. 동일 조사의 유권자층 재구분(RV→LV) 결과인지 별도 재조사인지 원문에 명시 없어 별도 오브젝트로 분리함 — 확인 필요 · 원문 표현 '투표 의향층'을 LV로 대응; 실사기간 원문에 미기재",https://www.foxnews.com/politics/fox-news-poll-early-look-georgia-senate-race,2026-07-24;2026-07-28;2026-07-29;2026-07-30;2026-08-27;2026-08-28;2026-08-29;2026-08-30;2026-08-31;2026-09-01;2026-09-02;2026-09-03;2026-09-04;2026-09-05;2026-09-06;2026-09-07;2026-09-08,low
dup,기존 CSV에 있음,,GA,Fox News/Beacon·Shaw,Fox News,none,RV,1002,2026-06-23,2026-06-27,Ossoff,Collins,56,43,13,"±3·일일 브리핑 07/03 추출(언급 49회)·투표 의욕층(LV) 서브그룹은 55-44(+11)로 별도 보도됨(8/4, 8/10, 8/11); 8/5 브리핑은 마진을 +13으로 표기 · 적극투표층(LV) 기준으로는 오소프 +11(55–44)로 별도 인용됨(8/13, 8/25). 8/14에는 조사기관 미상으로 처음 등장 · 이전 회차들은 '두 자릿수 우위'로만 축약 인용",https://www.foxnews.com/politics/fox-news-poll-early-look-georgia-senate-race,2026-07-03;2026-07-04;2026-07-05;2026-07-06;2026-07-07;2026-07-08;2026-07-09;2026-07-10;2026-07-11;2026-07-12;2026-07-13;2026-07-14;2026-07-15;2026-07-16;2026-07-17;2026-07-18;2026-07-19;2026-07-20;2026-07-22;2026-07-23;2026-07-24;2026-07-26;2026-07-27;2026-07-28;2026-07-29;2026-07-30;2026-07-31;2026-08-02;2026-08-03;2026-08-04;2026-08-05;2026-08-07;2026-08-08;2026-08-09;2026-08-10;2026-08-11;2026-08-12;2026-08-13;2026-08-14;2026-08-15;2026-08-18;2026-08-21;2026-08-24;2026-08-25;2026-08-26;2026-09-09;2026-09-11;2026-09-13;2026-09-16,high
ready,,일치,GA,Wick Insights,,none,LV,1175,2026-06-27,2026-06-30,Ossoff,Collins,46.7,42.9,3.8,±2.9·일일 브리핑 07/21 추출(언급 5회)·원문 대조 일치·원문 표기는 'Wick Research'; 정확한 조사기간(6월 중 특정일) 미기재,https://wick.io/research-georgia-election-survey-june-2026,2026-07-21;2026-07-22;2026-07-23;2026-07-24;2026-09-16,low
dup,기존 CSV에 있음,,GA,AARP/Fabrizio Ward·Impact Research,AARP,none,LV,1060,2026-07-13,2026-07-16,Ossoff,Collins,52,43,9,"±3·일일 브리핑 07/24 추출(언급 16회)·8/13~15 브리핑에서는 기간·표본 미공개로 신규 조사처럼 유통됐으나 8/21에 7월 13~16일 조사임이 확인됨(재유통 함정 사례) · 9/9,9/10,9/13에는 'AARP D+9' 또는 'AARP(8월) D+9'로만 축약 인용되어 날짜 표기가 상이함",https://thehill.com/homenews/campaign/5986198-ossoff-leads-collins-ga-poll/,2026-07-24;2026-07-25;2026-07-26;2026-07-27;2026-07-28;2026-07-29;2026-07-30;2026-08-13;2026-08-14;2026-08-15;2026-08-21;2026-08-24;2026-09-09;2026-09-10;2026-09-13;2026-09-16,high
pending,"누락: start_date,dem_pct,rep_pct",,GA,AARP/Fabrizio Ward·Impact Research,AARP,none,,,,2026-07-23,Ossoff,Collins,,,,"일일 브리핑 08/06 추출(언급 9회)·조사기관(예: Fabrizio Ward·Impact Research 등 실행사)명·조사기간·표본·토플라인 미기재, 마진만 보도됨 · toplines 미기재, 7/23 단일일자만 제시(실사기간 여부 불명)",https://www.newsweek.com/jon-ossoffs-chances-of-defeating-mike-collins-in-georgia-senate-race-poll-12179218,2026-08-06;2026-08-09;2026-09-01;2026-09-03;2026-09-04;2026-09-05;2026-09-06;2026-09-07;2026-09-08,low
dup,기존 CSV에 있음,,GA,InsiderAdvantage,James Magazine,none,LV,800,2026-08-16,2026-08-17,Ossoff,Collins,50,43,7,"±3.46·일일 브리핑 08/20 추출(언급 15회)·같은 조사에서 조지아 주지사 선거는 완전 동률(하위선거, 미포함) · 초기 인용은 단일일자 8/18, 이후 8/17~18로 정교화됨 · 날짜가 8/17 단일일로 인용된 곳도 있음(9/9,9/11,9/13)",https://jamesmagazinega.com/2026/08/18/exclusive-jmo-insideradvantage-georgia-survey-ossoff-leads-jackson-lance-bottoms-tied/,2026-08-20;2026-08-21;2026-08-22;2026-08-24;2026-08-30;2026-09-03;2026-09-04;2026-09-05;2026-09-06;2026-09-07;2026-09-08;2026-09-09;2026-09-11;2026-09-13;2026-09-16,high
ready,,일치,GA,Quantus Insights,,none,LV,624,2026-09-09,2026-09-12,Ossoff,Collins,38,38,0,"±3·일일 브리핑 09/16 추출(언급 2회)·원문 대조 일치·공화 성향 하우스; 미배분 약 24%. 2026-09-09 브리핑은 검색에 뜨던 같은 날짜대의 'Quantus 9/9~12' 동률 조사를 '물리적으로 불가능하며 2025년 조사로 추정, 사용 금지'라 경고했으나, 이후 9/16 Newsweek 보도로 실제 2026년 조사로 확인된 것으로 보임 — 두 기록이 동일 조사를 가리키는지는 미확인",https://www.newsweek.com/jon-ossoff-vs-mike-collins-new-gop-poll-gives-race-update-50-days-out-12441633,2026-09-16;2026-09-17,high
ready,,일치,GA,Trafalgar Group,,none,LV,1091,2026-09-10,2026-09-12,Ossoff,Collins,49.4,42.8,6.6,"±2.9·일일 브리핑 09/16 추출(언급 2회)·원문 대조 일치·공화 성향 하우스; 자유당 버클리 1.3%, 미결정 6.5%",https://www.newsweek.com/jon-ossoff-vs-mike-collins-new-gop-poll-gives-race-update-50-days-out-12441633,2026-09-16;2026-09-17,high
pending,"누락: start_date,end_date,dem_pct,rep_pct,source_url",,IA,Emerson College/Nexstar,,none,,,,,Turek,Hinson,,,,"일일 브리핑 08/24 추출·'8월 초'로만 언급, 정확한 기간 미기재",,2026-08-24,low
pending,"누락: start_date,end_date,source_url",,IA,Emerson College/Nexstar,,none,,,,,Turek,Hinson,45,48,-3,일일 브리핑 09/04 추출(언급 2회)·9/3~9/1 조사와는 별개의 이전 웨이브(8/6),,2026-09-04;2026-09-06,low
dup,기존 CSV에 있음,,IA,Fox News/Beacon·Shaw,,none,,,2026-06-23,2026-06-27,Turek,Hinson,50,46,4,"일일 브리핑 07/31 추출(언급 22회)·아이오와는 감시 대상 8개주 밖이지만 과제에서 요청한 9개 레이스 중 하나라 포함; 폭스 묶음 재조명 보도(7/30)로 신규 조사 아님, 표본·오차범위·URL 미기재 · 8/13 브리핑에서는 '7월 말~6월 재집계'로 언급됐으나 8/24 표에서 8/6~10로 명시 · 실사기간 원문 전체에 걸쳐 미기재 · 조사기간 미상('이전' 조사로만 인용)",https://www.foxnews.com/politics/fox-news-poll-close-senate-contest-brewing-iowa,2026-07-31;2026-08-13;2026-08-24;2026-08-25;2026-08-26;2026-08-27;2026-08-28;2026-08-29;2026-08-30;2026-08-31;2026-09-01;2026-09-02;2026-09-04;2026-09-05;2026-09-06;2026-09-07;2026-09-08;2026-09-12;2026-09-13;2026-09-14;2026-09-15;2026-09-16,medium
dup,기존 CSV에 있음,,IA,Suffolk University,,none,,500,2026-08-20,2026-08-23,Turek,Hinson,41,45,-4,"±4.4·일일 브리핑 08/27 추출(언급 13회)·Cook의 8/20 토스업 이동 이후 첫 공개 조사로 소개됨 · 적극투표층/등록유권자 구분, 오차범위 【수집 필요】",https://thehill.com/homenews/campaign/6051379-iowa-senate-governor-polls/,2026-08-27;2026-08-28;2026-08-30;2026-08-31;2026-09-01;2026-09-02;2026-09-04;2026-09-05;2026-09-06;2026-09-07;2026-09-08;2026-09-14;2026-09-17,medium
pending,출처가 집계 사이트 — 조사 원문/보도 URL 필요,,IA,Wedgewood Polls,,none,LV,600,2026-08-29,2026-08-29,Turek,Hinson,48,50,-2,"일일 브리핑 09/02 추출(언급 4회)·미평가 기관, 세부 정보 부족(원문 명시)",https://www.realclearpolling.com/polls/senate/general/2026/iowa/turek-vs-hinson,2026-09-02;2026-09-03;2026-09-08;2026-09-09,low
ready,,일치,IA,Global Strategy Group,Turek campaign,D,,,2026-08-27,2026-08-31,Turek,Hinson,46,42,4,일일 브리핑 09/11 추출(언급 5회)·원문 대조 일치·후보 캠프 내부조사 — 브리핑 자체가 '가중치를 낮출 것'이라 명시. 자유당 토머스 레인 6%,https://iowastartingline.com/news/josh-turek-leading-new-poll/,2026-09-11;2026-09-13;2026-09-15;2026-09-16;2026-09-17,high
dup,기존 CSV에 있음,,IA,Emerson College/Nexstar,Nexstar,none,LV,750,2026-08-31,2026-09-01,Turek,Hinson,45,50,-5,"±3.6·일일 브리핑 09/04 추출(언급 11회)·무당파에서는 투렉 46–44 우세; 6%가 상원 힌슨/주지사 샌드 분할투표 · 같은 조사에서 상원은 힌슨, 주지사는 샌드(민주)로 분할투표 약 6%",https://emersoncollegepolling.com/iowa-2026-poll-hinson-leads-turek/,2026-09-04;2026-09-05;2026-09-06;2026-09-07;2026-09-08;2026-09-09;2026-09-10;2026-09-13;2026-09-15;2026-09-16;2026-09-17,high
dup,기존 CSV에 있음,,IA,YouGov,,none,RV,2169,2026-09-03,2026-09-08,Turek,Hinson,44,43,1,"±3.5·일일 브리핑 09/13 추출(언급 3회)·필터별 결과 상이: RV 44–43, 완화 LV 45–43, 엄격 LV 47–43(대표값은 RV 채택)",https://d3nkl3psvxxpe9.cloudfront.net/documents/iowa_election_20260903.pdf,2026-09-13;2026-09-14;2026-09-15,high
dup,기존 CSV에 있음,,IA,Rasmussen Reports,,none,LV,1031,2026-09-08,2026-09-10,Turek,Hinson,45,40,5,"±2·일일 브리핑 09/13 추출(언급 5회)·공화 성향 하우스, 그러나 민주(Turek) 우위로 측정",https://www.rasmussenreports.com/public_content/politics/elections/election_2026/election_2026_iowa_senate,2026-09-13;2026-09-14;2026-09-15;2026-09-16;2026-09-17,high
pending,"누락: start_date,end_date,dem_pct,rep_pct,source_url",,ME,Hart Research,Senate Majority PAC,D,,,,,Jackson,Collins,,,,"일일 브리핑 09/10 추출·SMP=Senate Majority PAC 관련 조사로 추정, 상세 미상",,2026-09-10,low
pending,"누락: start_date,end_date,dem_pct,rep_pct,source_url",,ME,UNH Survey Center,,none,LV,,,,Jackson,Collins,,,,"일일 브리핑 07/31 추출(언급 12회)·'파인트리 폴' 브랜드 명시, 조사기간 미공표(8/6 브리핑이 잠정치임을 명시) · 실사기간이 '7/15–20'(8/31)과 '7/21'(9/3 이후)로 브리핑 간 불일치; toplines 미기재",,2026-07-31;2026-08-01;2026-08-02;2026-08-03;2026-08-04;2026-08-06;2026-08-31;2026-09-01;2026-09-02;2026-09-03;2026-09-04;2026-09-05,low
reject,조사기관 미상/내부조사(Platner campaign internal poll),,ME,Platner campaign internal poll,Graham Platner campaign,D,,,2026-07-07,2026-07-07,Jackson,Collins,49,44,5,"일일 브리핑 07/12 추출(언급 2회)·지명 전 가상 대진(07/25 확정 전) · 플래트너 캠프 자체 플래시폴(내부조사), 공식 사퇴 전 조사",https://www.politico.com/news/2026/07/08/graham-platner-polls-replacements-senate-00990664,2026-07-12;2026-07-13,high
ready,,일치,ME,Z to A Research,친샤(니라브 샤) 외곽조직,D,,988,2026-07-07,2026-07-08,Jackson,Collins,47,48,-1,±3.1·일일 브리핑 07/12 추출(언급 6회)·원문 대조 일치·지명 전 가상 대진(07/25 확정 전) · 같은 조사가 벨로우스·샤 대 콜린스도 테스트했으나 워치리스트 매치업(잭슨)만 추출,https://www.notus.org/2026-election/platner-replacements-poll-maine-senate,2026-07-12;2026-07-13;2026-07-14;2026-07-15;2026-07-16;2026-07-17,high
dup,기존 CSV에 있음,,ME,UNH Survey Center,,none,LV,1236,2026-07-15,2026-07-20,Jackson,Collins,49,46,3,"±2.8·일일 브리핑 07/23 추출(언급 16회)·지명 전 가상 대진(07/25 확정 전) · 07-30 기사에서 'UNH/파인트리'로 공동 표기됨(동일 조사로 판단) · 조사 기간 미기재, 스캔들 확산 이전 실시로 반복 서술됨",https://thehill.com/homenews/5983301-jackson-leads-collins-poll/,2026-07-23;2026-07-24;2026-07-25;2026-07-26;2026-07-27;2026-07-28;2026-07-29;2026-07-30;2026-08-16;2026-08-17;2026-08-18;2026-08-21;2026-08-22;2026-08-23;2026-08-25;2026-08-26,high
dup,기존 CSV에 있음,,ME,Hart Research,Senate Majority PAC (SMP),D,,,2026-07-27,2026-08-01,Jackson,Collins,49,45,4,"일일 브리핑 08/09 추출(언급 20회)·SMP(Senate Majority PAC)는 민주당 성향 상원 슈퍼팩, 내부(파트너) 조사로 partisan=D 처리 · 조사 기간 미기재, 민주당 성향 내부조사 · 잭슨 캠프 내부조사(SMP 경유)로 partisan D 처리",https://thehill.com/homenews/5983301-jackson-leads-collins-poll/,2026-08-09;2026-08-10;2026-08-11;2026-08-12;2026-08-16;2026-08-17;2026-08-18;2026-08-21;2026-08-22;2026-08-23;2026-08-24;2026-08-29;2026-09-01;2026-09-02;2026-09-03;2026-09-04;2026-09-05;2026-09-06;2026-09-07;2026-09-08,low
dup,기존 CSV에 있음,,ME,Fox News/Beacon·Shaw,,none,RV,1000,2026-08-06,2026-08-10,Jackson,Collins,48,46,2,"±3·일일 브리핑 08/14 추출(언급 30회)·조사기간이 잭슨 관련 1988년 경찰기록 보도(8/12~13 확산)보다 앞서 '스캔들 이전' 조사로 반복 강조됨 · 일부 브리핑(9/3, 9/4)은 '8/12' 단일 일자로 재인용 — 8/6–10과의 관계 불명",https://www.pressherald.com/2026/08/13/maine-voters-say-susan-collins-votes-with-trump-too-often-in-fox-news-poll/,2026-08-14;2026-08-15;2026-08-16;2026-08-17;2026-08-18;2026-08-20;2026-08-21;2026-08-22;2026-08-23;2026-08-24;2026-08-27;2026-08-28;2026-08-29;2026-08-30;2026-08-31;2026-09-01;2026-09-02;2026-09-03;2026-09-04;2026-09-05;2026-09-06;2026-09-07;2026-09-08;2026-09-09;2026-09-10;2026-09-12;2026-09-13;2026-09-14;2026-09-15;2026-09-17,high
dup,기존 CSV에 있음,,ME,Abacus Data,,none,,,2026-08-26,2026-08-28,Jackson,Collins,52,43,9,일일 브리핑 09/11 추출(언급 5회)·LV/RV 이중필터: 등록유권자 기준으로는 콜린스 46 – 잭슨 45로 역전. 여기서는 LV(적극투표층) 수치를 대표값으로 사용. 콜린스 호감도 41/51,https://www.newsweek.com/susan-collins-fourth-polling-blow-since-jackson-launched-senate-run-maine-12423123,2026-09-11;2026-09-12;2026-09-13;2026-09-14;2026-09-15,high
pending,누락: start_date,,ME,YouGov,,none,,,,2026-09-02,Jackson,Collins,48,44,4,"일일 브리핑 09/12 추출(언급 4회)·표본·오차 【수집 필요】, 정확한 조사 시작일 미상",https://d3nkl3psvxxpe9.cloudfront.net/documents/ttw_me_20260902.pdf,2026-09-12;2026-09-13;2026-09-14;2026-09-15,medium
dup,기존 CSV에 있음,,ME,CNN/SSRS,,none,LV,880,2026-08-31,2026-09-06,Jackson,Collins,48,45,3,"±3.7·일일 브리핑 09/10 추출(언급 7회)·일부 회차(9/12)는 n=880을 RV로 표기해 LV/RV 표기가 엇갈림. 잭슨 지지자 71%가 '콜린스 반대'표라 응답; 호감도 잭슨 36/42, 콜린스 41/51",https://www.pressherald.com/2026/09/09/still-no-space-between-susan-collins-troy-jackson-in-maine-senate-race-cnn-poll-finds/,2026-09-10;2026-09-11;2026-09-12;2026-09-13;2026-09-14;2026-09-15;2026-09-17,high
dup,기존 CSV에 있음,,ME,Rasmussen Reports,,none,LV,1033,2026-09-08,2026-09-10,Jackson,Collins,46,45,1,±2·일일 브리핑 09/13 추출(언급 3회)·공화 성향 하우스,https://www.rasmussenreports.com/public_content/politics/elections/election_2026/election_2026_maine_senate,2026-09-13;2026-09-14;2026-09-15,high
reject,조사기관 없음,,MI,,Michigan Education Association (MEA),none,,,,,El-Sayed,Rogers,,,,"일일 브리핑 08/05 추출·조사를 수행한 여론조사기관 명칭은 텍스트에 없음, MEA는 노동조합(친민주 성향으로 알려져 있으나 텍스트에 partisan 명시 없어 none 처리)",https://thehill.com/homenews/campaign/6006366-michigan-senate-poll-rogers-stevens/,2026-08-05,low
pending,"누락: start_date,end_date",,MI,Data for Progress,Working Families Party (WFP),none,,,,,El-Sayed,Rogers,47,46,1,일일 브리핑 08/05 추출·가장 경쟁력 있다고 보도된 조사(다른 조사들과 반대 방향),https://thehill.com/homenews/campaign/6006366-michigan-senate-poll-rogers-stevens/,2026-08-05,low
dup,"기존 CSV에 있음(기관·수치 일치, 날짜 표기만 다름)",,MI,EPIC-MRA,,none,,,,,El-Sayed,Rogers,43,46,-3,일일 브리핑 08/05 추출(언급 3회)·경선(8/4) 전 시행된 본선 가상대결로 보도됨(정확한 조사기간 미기재) · 정확한 조사 기간 미기재; 예비선거 이전 가상대결 조사일 가능성 있음,https://thehill.com/homenews/campaign/6006366-michigan-senate-poll-rogers-stevens/,2026-08-05;2026-08-15;2026-08-16,low
pending,"누락: start_date,end_date,dem_pct,rep_pct",,MI,Emerson College/Nexstar,,none,,,,,El-Sayed,Rogers,,,,일일 브리핑 06/09 추출(언급 2회)·같은 조사에서 스티븐스·매모로 대 로저스 수치도 보도되었으나 두 사람은 감시대상 매치업의 지명자가 아니므로 제외; El-Sayed–Rogers(동률) 수치만 포함. 정확 득표율·조사 기간 미제공.,https://emersoncollegepolling.com/michigan-2026-poll-crowded-democratic-senate-primary-remains-wide-open/,2026-06-09;2026-06-20,low
pending,"누락: start_date,end_date,dem_pct,rep_pct",,MI,Glengariff,,none,,,,,El-Sayed,Rogers,,,,"일일 브리핑 08/15 추출(언급 2회)·토플라인 미공개, 격차만 보도됨",https://thehill.com/homenews/campaign/6006366-michigan-senate-poll-rogers-stevens/,2026-08-15;2026-08-16,low
pending,"누락: start_date,end_date,source_url",,MI,Michigan State University/IPPSR,,none,LV,,,,El-Sayed,Rogers,50,45,5,일일 브리핑 09/09 추출(언급 3회)·등록유권자 기준으로는 48–44; 일부 회차는 'MSU/YouGov'로 표기,,2026-09-09;2026-09-13;2026-09-14,low
pending,"누락: start_date,end_date,dem_pct,rep_pct,source_url",,MI,Susquehanna Polling & Research,,none,,,,,El-Sayed,Rogers,,,,일일 브리핑 09/13 추출(언급 3회)·톱라인 수치·표본·오차 미상,,2026-09-13;2026-09-14;2026-09-15,low
pending,"누락: start_date,end_date,dem_pct,rep_pct",,MI,Washington Post,,none,,,,,El-Sayed,Rogers,,,,"일일 브리핑 08/23 추출·기사 제목·요약만 인용됨, 정확한 토플라인·표본·기간 미기재",https://www.washingtonpost.com/politics/2026/08/14/michigans-marquee-senate-race-close-first-poll-after-el-sayed-primary-win/,2026-08-23,low
dup,기존 CSV에 있음,,MI,Glengariff,Michigan Education Association/Business Leaders for Michigan,none,LV,,2026-07-22,2026-07-24,El-Sayed,Rogers,38.7,49,-10.3,"±4·일일 브리핑 07/29 추출(언급 7회)·지명 전 가상 대진(08/04 확정 전) · 같은 조사의 스티븐스 대 로저스(45.5–44.7) 가상대결은 후보가 지명 후보(El-Sayed)가 아니므로 제외; 의뢰: 미시간교육협회·비즈니스리더스 · 지명 전 가상 대진(08/04 확정 전) · 경선(8/4) 이전 시행된 본선 가상대결 조사(당시 엘사예드는 아직 공식 후보 확정 전이었으나 이후 실제 후보가 됨); 초기 보도는 +10, 이후 +10.3으로 정밀화; El-Sayed-Rogers 조합은 마진만 보도, 토플라인 없음(스티븐스-로저스 조합만 45.5–44.7 명시)",https://thehill.com/homenews/campaign/5994700-rogers-el-sayed-stevens-michigan-senate-poll/,2026-07-29;2026-07-30;2026-07-31;2026-08-01;2026-08-02;2026-08-03;2026-08-04,high
dup,기존 CSV에 있음,,MI,EPIC-MRA,,none,,,2026-07-24,2026-07-31,El-Sayed,Rogers,,,,"일일 브리핑 09/01 추출·지명 전 가상 대진(08/04 확정 전) · 같은 Epic-MRA의 이전 웨이브(로저스 +3), toplines 미기재; 참고용 이전 조사",,2026-09-01,low
dup,기존 CSV에 있음,,MI,Fox News/Beacon·Shaw,,none,RV,1006,2026-08-06,2026-08-10,El-Sayed,Rogers,47,51,-4,"±3·일일 브리핑 08/15 추출(언급 9회)·8/17 브리핑에서 '별도 조사'로 재등장, 8/18에 동일 폭스 조사임이 확정됨 · 실사기간 미기재; '로저스 4연속 우위' 서사의 한 축",https://www.foxnews.com/politics/fox-news-poll-senate-battle-looms-michigan,2026-08-15;2026-08-17;2026-08-18;2026-08-22;2026-08-23;2026-08-24;2026-08-29;2026-08-30;2026-08-31,high
ready,,일치,MI,GBAO,Senate Majority PAC,D,LV,800,2026-08-06,2026-08-10,El-Sayed,Rogers,50,44,6,±3.5·일일 브리핑 08/24 추출·원문 대조 일치·민주당 성향 PAC 의뢰 내부조사 — 할인 필요,https://www.newsweek.com/republicans-dealt-quadruple-polling-blow-race-against-abdul-el-sayed-12352792,2026-08-24,high
dup,기존 CSV에 있음,,MI,TIPP/TechnoMetrica,League of American Workers,none,RV,1528,2026-08-06,2026-08-10,El-Sayed,Rogers,45,42,3,"±2.6·일일 브리핑 08/20 추출(언급 4회)·League of American Workers는 공화 성향 후원 단체로 언급됨(하우스 렌). Silver Bulletin 기관등급 A. 8/24 브리핑은 표본을 '1,215 LV, ±2.7'로 다르게 기재 — 원문 불일치",https://www.jns.org/news/u-s-news/rogers-leads-el-sayed-51-47-in-michigan-senate-race-poll-suggests,2026-08-20;2026-08-21;2026-08-22;2026-08-24,high
dup,기존 CSV에 있음,,MI,AARP/Fabrizio Ward·Impact Research,AARP,none,LV,877,2026-08-09,2026-08-11,El-Sayed,Rogers,48,47,1,±3.3·일일 브리핑 08/21 추출(언급 10회)·양당 합동 실사로 하우스이펙트 의심이 가장 적은 기준점으로 서술됨 · 실사기간은 '8월'로만 제시 · 조사기간 미상,https://www.aarp.org/government-elections/michigan-election-poll-2026/,2026-08-21;2026-08-22;2026-08-23;2026-08-24;2026-08-29;2026-08-30;2026-09-05;2026-09-06;2026-09-14;2026-09-15,high
dup,기존 CSV에 있음,,MI,Susquehanna Polling & Research,,none,LV,800,2026-08-11,2026-08-17,El-Sayed,Rogers,46,39,7,±3.46·일일 브리핑 08/20 추출(언급 17회)·주 내 최신 조사이자 유일한 LV 스크린(8/20 시점) · 무당파에서 엘사예드 46–24,https://www.newsweek.com/republicans-dealt-quadruple-polling-blow-race-against-abdul-el-sayed-12352792,2026-08-20;2026-08-21;2026-08-22;2026-08-24;2026-08-25;2026-08-26;2026-08-29;2026-08-30;2026-08-31;2026-09-01;2026-09-02;2026-09-03;2026-09-04;2026-09-05;2026-09-06;2026-09-07;2026-09-08,high
dup,기존 CSV에 있음,,MI,MSU/IPPSR·YouGov,MSU IPPSR,none,RV,1000,2026-08-10,2026-08-20,El-Sayed,Rogers,48,44,4,"일일 브리핑 09/02 추출(언급 6회)·RV 48–44 기록, LV 버전은 50–45(적극투표층 779명)",https://ippsr.msu.edu/news/msu-poll-shows-democrats-lead-republicans-coalesce-behind-rogers,2026-09-02;2026-09-03;2026-09-04;2026-09-05;2026-09-06;2026-09-08,high
dup,기존 CSV에 있음,,MI,EPIC-MRA,,none,LV,600,2026-08-22,2026-08-28,El-Sayed,Rogers,47,43,4,±4·일일 브리핑 09/01 추출(언급 14회)·일부 회차(9/13)에서는 '(8/29)'로 축약 인용됨,https://www.forbes.com/sites/saradorn/2026/08/31/latest-2026-senate-polls-el-sayed-leads-rogers-by-4-points-in-michigan/,2026-09-01;2026-09-02;2026-09-03;2026-09-04;2026-09-05;2026-09-06;2026-09-07;2026-09-08;2026-09-09;2026-09-13;2026-09-14;2026-09-15;2026-09-16;2026-09-17,high
dup,기존 CSV에 있음,,MI,Glengariff,Detroit News/WDIV-TV,none,LV,600,2026-08-31,2026-09-03,El-Sayed,Rogers,44.4,45.8,-1.4,"±4·일일 브리핑 09/10 추출(언급 5회)·무당층에서 로저스 +14, 40세 이상·비대졸에서 로저스 강세; 미결정 9%+",https://www.detroitnews.com/story/news/politics/2026/09/08/michigan-senate-poll-mike-rogers-abdul-el-sayed/91653231007/,2026-09-10;2026-09-11;2026-09-13;2026-09-14;2026-09-15,high
dup,기존 CSV에 있음,,MI,CNN/SSRS,,none,LV,843,2026-08-31,2026-09-06,El-Sayed,Rogers,47,44,3,±4.1·일일 브리핑 09/10 추출(언급 4회)·무당층 엘사예드 48–32; 25%가 미확정,https://edition.cnn.com/2026/09/09/politics/cnn-polls-maine-senate-michigan-senate-abdul-el-sayed-susan-collins,2026-09-10;2026-09-11;2026-09-12;2026-09-13,high
dup,기존 CSV에 있음,,MI,Trafalgar Group,,none,LV,1079,2026-09-07,2026-09-09,El-Sayed,Rogers,46.3,44.8,1.5,±2.9·일일 브리핑 09/12 추출(언급 2회)·공화 성향 하우스,https://www.thetrafalgargroup.org/wp-content/uploads/2026/09/MI-Gen-Sen-Full-Report-0910.pdf,2026-09-12;2026-09-13,high
pending,"누락: start_date,end_date,source_url",,NC,Carolina Forward/Change Research,,none,LV,,,,Cooper,Whatley,49,42,7,"일일 브리핑 08/18 추출·5월 시행 언급, 정확한 조사 기간 미기재. 8월 조사(50–43)와 별개 웨이브",,2026-08-18,low
pending,"누락: start_date,end_date",,NC,Carolina Journal,,none,,,,,Cooper,Whatley,49.8,38.7,11.1,"일일 브리핑 06/24 추출(언급 20회)·실시 시기 '5월'로만 명시, 정확한 일자 불명. Carolina Journal은 보수 성향 매체. · 발표 시점 2026년 5월로만 표기, 정확한 실사 날짜 불명 · 조사월만 명시(5월), 구체 일자 미기재 · '5월' 조사로만 명시, 구체 일자 미상; 실제 조사기관명(Carolina Journal은 매체/발행처)이 별도로 있을 수 있으나 텍스트에 미기재",https://www.carolinajournal.com/polls/may-2026-coopers-lead-over-whatley-in-senate-race-widens/,2026-06-24;2026-06-27;2026-06-28;2026-07-02;2026-07-03;2026-07-05;2026-07-07;2026-07-10;2026-07-11;2026-07-12;2026-07-13;2026-07-14;2026-07-15;2026-07-16;2026-07-22;2026-07-26;2026-07-27;2026-07-29;2026-07-30;2026-08-04,low
pending,"누락: start_date,end_date,dem_pct,rep_pct",,NC,Carolina Journal,,none,,,,,Cooper,Whatley,,,,"일일 브리핑 06/27 추출·동일 매체의 5월 조사(+11.1)와 별개인 3월 조사; 실시 시기 '3월'로만 명시, 마진만 보도됨",https://www.carolinajournal.com/major-ranking-moves-ncs-senate-race-from-toss-up-to-lean-d/,2026-06-27,low
pending,"누락: start_date,end_date,dem_pct,rep_pct,source_url",,NC,Catawba College/YouGov,,none,,,,,Cooper,Whatley,,,,일일 브리핑 09/05 추출·toplines·날짜 모두 미기재,,2026-09-05,low
pending,"누락: start_date,end_date",,NC,Change Research,Carolina Forward,none,,,,,Cooper,Whatley,49,42,7,일일 브리핑 08/12 추출·같은 Carolina Forward 조사 시리즈의 5월판(8월판 대비 이전 웨이브); 조사기간 미기재,https://carolinaforward.org/news/the-august-2026-carolina-forward-poll/,2026-08-12,low
pending,"누락: start_date,end_date,dem_pct,rep_pct",,NC,Emerson College/Nexstar,,none,,,,,Cooper,Whatley,,,,"일일 브리핑 06/09 추출(언급 4회)·정확 득표율·조사 기간 미제공, 마진(쿠퍼 +6)만 보도됨. · 출마 초반 여론조사로만 언급, 정확한 수치·조사기간·출처 링크 미기재",https://emersoncollegepolling.com/north-carolina-2026-poll-cooper-starts-us-senate-race-with-six-point-lead-and-clear-name-recognition-advantage-over-whatley/,2026-06-09;2026-06-10;2026-07-20;2026-07-28,low
pending,"누락: start_date,end_date",,NC,Emerson College/Nexstar,,none,,,,,Cooper,Whatley,47,41,6,일일 브리핑 06/22 추출(언급 2회)·구체적 실사 기간 미기재,https://emersoncollegepolling.com/north-carolina-2026-poll-cooper-starts-us-senate-race-with-six-point-lead-and-clear-name-recognition-advantage-over-whatley/,2026-06-22;2026-06-23,low
pending,"누락: start_date,end_date,dem_pct,rep_pct,source_url",,NC,Fox News/Beacon·Shaw,,none,,,,,Cooper,Whatley,,,,"일일 브리핑 09/04 추출(언급 4회)·toplines 미기재, 실사기간 여부 불명(단일일자) · 톱라인·날짜 미상",,2026-09-04;2026-09-05;2026-09-14;2026-09-15,low
pending,"누락: start_date,end_date",,NC,Opinion Diagnostics,,none,,,,,Cooper,Whatley,50.4,41.4,9,일일 브리핑 07/23 추출(언급 3회)·'6월의 타사 평가'라고만 시기 언급; 위의 Carolina Journal 조사(49.8-38.7)와 동일 조사일 가능성 있으나 수치가 달라 별개 항목으로 처리 — 동일 여부 불확실,https://news.ballotpedia.org/2026/04/06/roy-cooper-d-michael-whatley-r-and-three-other-candidates-are-running-in-north-carolinas-u-s-senate-election-on-november-3-2026/,2026-07-23;2026-08-11;2026-08-12,low
dup,"기존 CSV에 있음(기관·수치 일치, 날짜 표기만 다름)",,NC,Public Policy Polling,,none,LV,,,,Cooper,Whatley,48,44,4,"일일 브리핑 07/14 추출(언급 11회)·브리핑에서 '민주 성향/민주 계열' 하우스로 명시(PPP); 실사 기간은 원문에 '공개 시점에 미발표'로 명시 · 정확한 조사기간 미기재(원문에 '7/13 주간 발표', '7월 중순'으로만 언급)",https://www.publicpolicypolling.com/polls/cooper-leads-but-whatley-has-a-path/,2026-07-14;2026-07-15;2026-07-16;2026-07-17;2026-07-20;2026-07-21;2026-07-24;2026-07-25;2026-07-26;2026-07-27;2026-07-28,low
pending,"누락: start_date,end_date,dem_pct,rep_pct",,NC,YouGov,,none,,,,,Cooper,Whatley,,,,"일일 브리핑 08/06 추출·'커토바칼리지'=Catawba College와 YouGov 공동 조사로 보도됨; 조사기간·토플라인 미기재, 마진만 제시",https://www.cbs17.com/news/north-carolina-news/roy-cooper-leads-michael-whatley-by-14-points-in-new-nc-senate-race-poll/,2026-08-06,low
ready,,차단/오류(HTTPError),NC,Harper Polling,Carolina Journal,none,,,2026-05-10,2026-05-11,Cooper,Whatley,49.8,38.7,11.1,±4·일일 브리핑 06/09 추출(언급 12회)·원문 대조 차단/오류(HTTPError)·3월 조사(+7.8)에서 5월 조사(+11.1)로 격차 확대라고 보도됨; 6/21 브리핑에서 moe ±4 명시.,https://www.carolinajournal.com/polls/may-2026-coopers-lead-over-whatley-in-senate-race-widens/,2026-06-09;2026-06-10;2026-06-11;2026-06-12;2026-06-14;2026-06-15;2026-06-16;2026-06-17;2026-06-18;2026-06-19;2026-06-20;2026-06-21,high
dup,기존 CSV에 있음,,NC,Catawba College/YouGov,,none,LV,905,2026-06-01,2026-06-10,Cooper,Whatley,48,34,14,"일일 브리핑 06/21 추출(언급 15회)·'앞선'(이전) 조사로만 언급되어 실제 시행 시점·URL 불명. · 발표일 보도가 6/23~6/25로 기사마다 상이하나(동일 실사기간 6/1–10) 같은 조사로 판단해 병합; 미결정 15%, 도시+37/농촌+11/교외+5 · 정확한 실사 날짜 불명 (일부 브리핑은 '6/23', 다른 브리핑은 '6월 말'로 표기)",https://www.cbs17.com/news/north-carolina-news/roy-cooper-leads-michael-whatley-by-14-points-in-new-nc-senate-race-poll/,2026-06-21;2026-06-25;2026-06-27;2026-06-28;2026-06-29;2026-06-30;2026-07-01;2026-07-06;2026-07-07;2026-07-08;2026-07-09;2026-07-11;2026-07-12;2026-07-13;2026-07-14,low
dup,기존 CSV에 있음,,NC,NYT/Siena,New York Times,none,LV,,2026-06-15,2026-06-29,Cooper,Whatley,50,43,7,"일일 브리핑 07/04 추출(언급 11회)·NYT/Siena 6개 주 패키지(6/15–29, 주당 약 600명 LV, ±약 5)의 일부 — 주별 정확한 n/moe는 미기재 · NYT/Siena 6개주 배터리, 주당 약 600명(근사치, 정확 n 비공개, 07-10 브리핑 기준) · 플래트너 메인 사퇴 이전 시행된 'NYT/Siena 6개 주 패키지'의 일부로 인용, 정확한 조사기간·출처 링크 미기재",https://sri.siena.edu/2026/07/01/new-york-times-siena-polls-in-alaska-iowa-north-carolina-and-ohio/,2026-07-04;2026-07-05;2026-07-06;2026-07-07;2026-07-09;2026-07-10;2026-07-11;2026-07-12;2026-07-17;2026-07-21;2026-07-22,high
dup,기존 CSV에 있음,,NC,Fox News/Beacon·Shaw,,none,RV,1005,2026-07-23,2026-07-27,Cooper,Whatley,53,44,9,"±3·일일 브리핑 07/31 추출(언급 15회)·'매우 적극적' 투표층 서브그룹은 55-42 · '7월 말'로만 언급, 정확한 조사 기간 미기재",https://thehill.com/homenews/campaign/5999436-fox-news-poll-north-carolina-senate/,2026-07-31;2026-08-01;2026-08-02;2026-08-03;2026-08-04;2026-08-05;2026-08-06;2026-08-07;2026-08-08;2026-08-09;2026-08-10;2026-08-13;2026-08-14;2026-08-16;2026-08-23,high
dup,기존 CSV에 있음,,NC,Elon University,,none,LV,800,2026-07-23,2026-07-31,Cooper,Whatley,53,42,11,"±5.6·일일 브리핑 08/14 추출(언급 31회)·등록유권자(RV) 기준으로는 51–35로 별도 보도됨. 왯틀리 인지도 상승에 따른 향후 격차 축소를 조사책임자가 직접 전망 · 8월 웨이브. 9월 웨이브(Elon 9/10 공표, 별도 항목)와 구분됨; 정확한 조사기간 미상",https://www.elon.edu/u/news/2026/08/12/elon-poll-cooper-continues-to-lead-in-north-carolina-u-s-senate-race/,2026-08-14;2026-08-15;2026-08-16;2026-08-17;2026-08-18;2026-08-20;2026-08-21;2026-08-22;2026-08-23;2026-08-24;2026-08-25;2026-08-26;2026-08-27;2026-08-28;2026-08-29;2026-08-30;2026-08-31;2026-09-01;2026-09-02;2026-09-03;2026-09-04;2026-09-05;2026-09-06;2026-09-07;2026-09-08;2026-09-10;2026-09-11;2026-09-14;2026-09-15;2026-09-16;2026-09-17,high
dup,기존 CSV에 있음,,NC,Change Research,Carolina Forward,none,LV,915,2026-08-03,2026-08-06,Cooper,Whatley,50,43,7,±3.5·일일 브리핑 08/12 추출(언급 6회)·Carolina Forward는 진보 성향 애드보커시 단체로 알려져 있으나 텍스트에 partisan 명시 없어 none 처리 · 08-22 브리핑은 동일 조사를 '49–42'로 다르게 기재(5월 수치와의 혼동 가능성) — 8/18 원문 상세 기재(50–43)를 채택,https://carolinaforward.org/news/the-august-2026-carolina-forward-poll/,2026-08-12;2026-08-13;2026-08-18;2026-08-20;2026-08-21;2026-08-22,high
dup,기존 CSV에 있음,,NC,Harper Polling,,none,LV,600,2026-08-09,2026-08-10,Cooper,Whatley,51.5,39,12.5,±4·일일 브리핑 08/17 추출(언급 7회)·보수 성향 존 로크 재단 발행 매체의 조사,https://www.carolinajournal.com/polls/august-2026-coopers-lead-over-whatley-grows-to-12-5-points/,2026-08-17;2026-08-18;2026-08-20;2026-08-21;2026-08-22;2026-08-23;2026-08-24,high
dup,기존 CSV에 있음,,NC,High Point University,,none,RV,800,2026-08-03,2026-08-12,Cooper,Whatley,50,45,5,"±4.3·일일 브리핑 08/22 추출(언급 10회)·8/23·8/24 브리핑은 표본을 'LV 660명, ±5.2'로 다르게 기재 — 원문 불일치, 08-22 표기(RV 800, ±4.3)를 1차 채택. 온라인 패널이라 표본오차 대신 신뢰구간 제시 · 초기(8/30)엔 '8/21' 단일일자로만 인용, 9/8에 전체 세부사항 확인; 9/5 브리핑은 이 조사를 '+7'로 오기재 · 9/13 회차는 날짜를 '(8/19)'로 표기, 마진(+5)은 일치",https://www.thecentersquare.com/north_carolina/article_a4affbad-c19c-450e-875f-a4f627153ba2.html,2026-08-22;2026-08-23;2026-08-24;2026-08-30;2026-08-31;2026-09-04;2026-09-05;2026-09-08;2026-09-09;2026-09-13,high
pending,누락: source_url,,NC,Harper Polling,,R,,,2026-08-13,2026-08-13,Cooper,Whatley,52,39,13,"일일 브리핑 09/02 추출(언급 6회)·실사일자가 '8/13'(9/3,9/4) 대 '8/9~10'(9/5)로 브리핑 간 상충; margin도 +13→+12.5로 변동. Carolina Journal은 보수 성향 매체이므로 partisan R로 표기(확실치 않음)",,2026-09-02;2026-09-03;2026-09-04;2026-09-05;2026-09-09;2026-09-13,low
dup,기존 CSV에 있음,,NC,Elon University,,none,LV,800,2026-08-21,2026-08-31,Cooper,Whatley,49,38,11,±5.6·일일 브리핑 09/12 추출(언급 2회)·등록유권자 기준으로는 쿠퍼 49 – 워틀리 36; 트럼프 지지 31/54(2025년 1월 이후 최저),https://www.wral.com/news/nccapitol/cooper-maintains-lead-over-whatley-elon-university-poll-sept-2026/,2026-09-12;2026-09-13,high
dup,기존 CSV에 있음,,NC,East Carolina University,,none,LV,675,2026-08-31,2026-09-03,Cooper,Whatley,46,39,7,±4.4·일일 브리핑 09/12 추출(언급 2회)·AAPOR 투명성 이니셔티브 회원; 강제선택시 52–44,https://surveyresearch-ecu.reportablenews.com/pr/ecu-poll-cooper-leads-whatley-by-7-points,2026-09-12;2026-09-13,high
pending,"누락: start_date,end_date,dem_pct,rep_pct",,NH,Emerson College/Nexstar,,none,,,,,Pappas,Sununu,,,,"일일 브리핑 07/19 추출(언급 5회)·toplines·실사기간 미기재, 본선 매치업이 통계적 동률이라고만 서술",https://emersoncollegepolling.com/new-hampshire-2026-sununu-leads-gop-nomination-ties-pappas-for-senate/,2026-07-19;2026-07-20;2026-08-27;2026-09-01;2026-09-05,low
pending,"누락: start_date,end_date",,NH,Emerson College/Nexstar,,none,,,,,Pappas,Sununu,44,45,-1,일일 브리핑 08/01 추출(언급 5회)·여러 날 '45-44'로만 언급되고 후보 순서가 날짜별로 불명확; 8/11 표현('수누누-파파스')을 기준으로 수누누45/파파스44로 처리,https://emersoncollegepolling.com/new-hampshire-2026-sununu-leads-gop-nomination-ties-pappas-for-senate/,2026-08-01;2026-08-02;2026-08-03;2026-08-11;2026-08-12,low
pending,"누락: start_date,end_date,dem_pct,rep_pct,source_url",,NH,Quantus Insights,,none,,,,,Pappas,Sununu,,,,"일일 브리핑 07/24 추출(언급 4회)·공화 성향 하우스; 수누누 우위이나 구체 수치·조사기간 미기재, 브리핑에서는 '미확인 아웃라이어'로 취급됨 · 정확한 수치 비공개, 방향성만 서술",,2026-07-24;2026-07-25;2026-08-21;2026-08-22,low
pending,"누락: start_date,end_date,dem_pct,rep_pct",,NH,UNH Survey Center,,none,,,,,Pappas,Sununu,,,,"일일 브리핑 06/19 추출(언급 2회)·구체 득표율 미제공, '파파스 우위'로만 보도됨.",https://scholars.unh.edu/survey_center_polls/944/,2026-06-19;2026-06-20,low
pending,"누락: start_date,end_date",,NH,UNH Survey Center,,none,,,,,Pappas,Sununu,49,42,7,"일일 브리핑 06/24 추출(언급 40회)·정식 명칭: University of New Hampshire (UNH) Survey Center, 4/23 실시/발표로 명시됨 · 4월 웨이브 (7/1 웨이브와 별개) · 4월 UNH 조사로 비교 인용(정확한 일자 미기재); 07-25 인용에서는 '4월' 표시 없이 마치 당시 최신 수치처럼 제시되어 원문 그대로 기록함 — 혼동 가능성 있음 · 필드 기간은 '4월'로만 명시, 구체 일자 미상; 7월 UNH 조사와는 별개 · 정확한 조사 기간 미기재. 6/18~23 UNH 조사(47–44)와는 별개 웨이브로 보임 · 원문에서 8/20–24(수누누 45–43) 조사와 별개 항목으로 병기됨; 정확한 실사일자·표본 불명, 이전 UNH 시계열(1월+5·4월+7·6월+3)과의 관계도 불명확",https://scholars.unh.edu/survey_center_polls/944/,2026-06-24;2026-07-01;2026-07-02;2026-07-03;2026-07-04;2026-07-05;2026-07-06;2026-07-07;2026-07-11;2026-07-12;2026-07-13;2026-07-18;2026-07-19;2026-07-25;2026-07-26;2026-07-28;2026-07-29;2026-07-30;2026-07-31;2026-08-01;2026-08-02;2026-08-03;2026-08-04;2026-08-05;2026-08-06;2026-08-07;2026-08-08;2026-08-09;2026-08-12;2026-08-13;2026-08-14;2026-08-15;2026-08-17;2026-08-18;2026-08-20;2026-08-21;2026-08-24;2026-08-25;2026-08-26;2026-09-08,low
pending,"누락: start_date,end_date,source_url",,NH,【수집 필요】,,none,LV,,,,Pappas,Sununu,49,42,7,일일 브리핑 09/16 추출(언급 2회)·조사기관·기간·표본·오차 모두 【수집 필요】. 검색상 UNH로 귀속되었으나 UNH 자체 8월 말 결과와 충돌하여 브리핑이 명시적으로 'UNH로 인용하지 말 것'이라 경고함,,2026-09-16;2026-09-17,low
ready,,일치,NH,Emerson College/Nexstar,,none,LV,1100,2026-03-21,2026-03-23,Pappas,Sununu,45,44,1,"±2.9·일일 브리핑 06/14 추출(언급 33회)·원문 대조 일치·조사 기간(fieldwork dates) 미기재. · 2026-07-04 브리핑에서 '에머슨 3월 조사'로 명시(정확 일자 불명). 2026-06-27·06-28 브리핑에서는 동일 수치를 'UNH 조사'로 오기(誤記). · 지명 전 가상 대진(09/08 확정 전) · 07-15~07-17 브리핑은 '동률'로만 재언급, 신규 수치 없음 — 동일 조사로 처리 · 지명 전 가상 대진(09/08 확정 전) · 3월 조사이나 8월 내내 '최신 에머슨 수치'로 반복 인용됨(재조사 여부 불명) · 조사기간 미상, '통계적 동률'로도 묘사됨",https://emersoncollegepolling.com/new-hampshire-2026-sununu-leads-gop-nomination-ties-pappas-for-senate/,2026-06-14;2026-06-15;2026-06-16;2026-06-17;2026-06-18;2026-06-19;2026-06-20;2026-06-21;2026-06-22;2026-06-23;2026-06-24;2026-06-26;2026-06-27;2026-06-28;2026-07-04;2026-07-05;2026-07-06;2026-07-07;2026-07-11;2026-07-15;2026-07-16;2026-07-17;2026-08-13;2026-08-17;2026-08-18;2026-08-20;2026-08-21;2026-08-22;2026-08-24;2026-08-26;2026-09-10;2026-09-15;2026-09-17,low
dup,"기존 CSV에 있음(기관·수치 일치, 날짜 표기만 다름)",,NH,UNH Survey Center,,none,LV,2232,2026-06-18,2026-06-23,Pappas,Sununu,47,44,3,"±2.1·일일 브리핑 07/08 추출(언급 23회)·7/1 웨이브 (4/23 웨이브와 별개); 07-12·07-13 브리핑은 이 조사 URL을 재인용하나 새 수치 없이 4월 수치만 반복해 mentions에서 제외 · 지명 전 가상 대진(09/08 확정 전) · 필드 기간은 '7월'로만 명시, 구체 일자 미상 · 지명 전 가상 대진(09/08 확정 전) · '대비용 기존 조사'로 인용된 6월 웨이브 — 위 '49–42' 조사와 별개",https://www.nhpr.org/politics/2026-07-01/unh-poll-shows-tight-races-for-governor-and-u-s-senate-2026-midterms,2026-07-08;2026-07-09;2026-07-14;2026-07-15;2026-07-16;2026-07-17;2026-07-18;2026-07-19;2026-07-21;2026-07-22;2026-07-23;2026-07-24;2026-07-26;2026-07-27;2026-07-28;2026-07-29;2026-07-30;2026-07-31;2026-08-01;2026-08-02;2026-08-03;2026-08-04;2026-08-22,low
dup,기존 CSV에 있음,,NH,NRSC/Peak Insights,NRSC (National Republican Senatorial Committee),R,LV,500,2026-06-24,2026-06-27,Pappas,Sununu,43,42,1,±4·일일 브리핑 07/16 추출(언급 3회)·NRSC(공화 상원선거위원회) 의뢰 내부조사; 실사는 '6월 말'로만 표기 · 지명 전 가상 대진(09/08 확정 전) · 공화 전국상원위원회(NRSC) 의뢰 내부조사,https://www.nrsc.org/press-releases/john-sununu-tied-with-chris-pappas-in-new-nrsc-poll-2026-07-10/,2026-07-16;2026-07-17;2026-08-22,low
dup,기존 CSV에 있음,,NH,Saint Anselm College Survey Center,,none,LV,1411,2026-08-17,2026-08-18,Pappas,Sununu,48,41,7,"±2.6·일일 브리핑 08/22 추출(언급 14회)·지명 전 가상 대진(09/08 확정 전) · 같은 조사의 '파파스 49 – 브라운 37(D+12)'은 비지명자(Scott Brown) 매치업이라 제외 · 지명 전 가상 대진(09/08 확정 전) · 초기(8/30) 브리핑은 단일일자 '8/20'으로 인용, 이후 '8/17~18'로 정교화 · 날짜가 8/20(9/12,9/13,9/16)과 8/17(9/17 '기존,확인')로 회차마다 다르게 인용됨 — 9/17이 '확인'으로 표기했으나 표본·오차 여전히 미상",https://www.anselm.edu/about/anselmian-hub/news/new-saint-anselm-college-poll-finds-republicans-facing-midterm-headwinds-democratic-lead-widens,2026-08-22;2026-08-30;2026-08-31;2026-09-01;2026-09-02;2026-09-04;2026-09-05;2026-09-06;2026-09-07;2026-09-08;2026-09-12;2026-09-13;2026-09-16;2026-09-17,high
dup,기존 CSV에 있음,,NH,UNH Survey Center,7NEWS,none,LV,1878,2026-08-20,2026-08-24,Pappas,Sununu,43,45,-2,±2.3·일일 브리핑 08/28 추출(언급 18회)·지명 전 가상 대진(09/08 확정 전) · 시리즈 첫 공화 우위(2025년 9월엔 파파스 +6) · 지명 전 가상 대진(09/08 확정 전) · 2026년 들어 수누누가 앞선 첫 조사로 보도됨,https://scholars.unh.edu/survey_center_polls/988/,2026-08-28;2026-08-29;2026-08-30;2026-08-31;2026-09-01;2026-09-02;2026-09-03;2026-09-04;2026-09-05;2026-09-06;2026-09-07;2026-09-08;2026-09-09;2026-09-12;2026-09-13;2026-09-15;2026-09-16;2026-09-17,high
dup,기존 CSV에 있음,,NH,"Fabrizio, Lee & Associates",,R,LV,600,2026-08-27,2026-08-30,Pappas,Sununu,36,37,-1,±4·일일 브리핑 09/05 추출(언급 5회)·지명 전 가상 대진(09/08 확정 전) · 공화 성향 조사기관(partisan R) · 지명 전 가상 대진(09/08 확정 전) · 공화 성향 하우스로 명시; 별도로 'NRSC 의뢰 조사에서도 수누누 근소 우세'라 언급되나 수치 미상,,2026-09-05;2026-09-06;2026-09-07;2026-09-08;2026-09-09,high
dup,기존 CSV에 있음,,NH,Rasmussen Reports,,none,LV,1000,2026-09-08,2026-09-10,Pappas,Sununu,45,34,11,±2·일일 브리핑 09/13 추출(언급 5회)·공화 성향 하우스가 민주 11%p 우세로 측정한 이례값; 9/8 경선 이후 첫 공개조사,https://www.rasmussenreports.com/public_content/politics/elections/election_2026/election_2026_new_hampshire_senate,2026-09-13;2026-09-14;2026-09-15;2026-09-16;2026-09-17,high
pending,"누락: start_date,end_date,dem_pct,rep_pct",,OH,AARP/Fabrizio Ward·Impact Research,,none,,,,,Brown,Husted,,,,일일 브리핑 07/18 추출(언급 2회),https://www.newsweek.com/sherrod-brown-jon-husted-ohio-senate-race-poll-12122669,2026-07-18;2026-07-19,low
pending,"누락: start_date,end_date,source_url",,OH,Abacus Data,,none,,,,,Brown,Husted,52,46,6,일일 브리핑 09/06 추출(언급 6회)·실사 기간·표본 원출처 미확인이라고 원문이 명시(잠정 처리) · 브리핑 본문이 Abacus를 '공화 성향'으로 표기함 — 통상 알려진 성향과 다를 수 있어 그대로 인용,,2026-09-06;2026-09-07;2026-09-08;2026-09-09;2026-09-12;2026-09-13,low
pending,"누락: start_date,end_date,dem_pct,rep_pct,source_url",,OH,Emerson College/Nexstar,,none,,,,,Brown,Husted,,,,"일일 브리핑 06/21 추출(언급 5회)·정확 득표율·조사 기간 미제공, 마진(허스티드 +6)만 보도됨. · toplines·날짜 미기재('에머슨 초기 매치업'으로만 지칭)",,2026-06-21;2026-08-27;2026-08-28;2026-09-06;2026-09-07,low
dup,"기존 CSV에 있음(기관·수치 일치, 날짜 표기만 다름)",,OH,Emerson College/Nexstar,,none,,,,,Brown,Husted,44,50,-6,"일일 브리핑 06/22 추출(언급 31회)·2026-06-26 브리핑: '온라인에 도는 Emerson Husted+6 수치는 2025년 8월/12월 낡은 자료 — 6월 신규 조사로 취급 금지'라고 정정. 그러나 이후(6/29,6/30,7/2,7/3,7/4) 브리핑에서 신규 조사인 것처럼 재인용됨 — 원문 그대로 기록, 실제 실시 시기 불확실. · 정확한 조사기간 미기재 · 【수집 필요】 8/6 브리핑은 집계 사이트에 도는 '허스테드 50-44' 조사가 실제로는 2025년 8월 18-19일 조사로 1년 전 자료이며 현재 수치로 취급 금지라고 명시함 — 07/31~08/03에 '초기 조사'로 인용된 것과 동일 수치인지, 아니면 별개의 2026년 초기 웨이브인지 텍스트만으로 확정 불가 · '사이클 초반' 조사로만 언급, 정확한 기간 미기재",https://emersoncollegepolling.com/ohio-2026/,2026-06-22;2026-06-23;2026-06-26;2026-06-29;2026-06-30;2026-07-02;2026-07-03;2026-07-04;2026-07-05;2026-07-06;2026-07-07;2026-07-08;2026-07-09;2026-07-10;2026-07-22;2026-07-23;2026-07-24;2026-07-25;2026-07-26;2026-07-27;2026-07-28;2026-07-29;2026-07-30;2026-08-01;2026-08-02;2026-08-03;2026-08-06;2026-08-10;2026-08-16;2026-08-18;2026-08-24,low
pending,"누락: start_date,end_date,dem_pct,rep_pct,source_url",,OH,Fox News/Beacon·Shaw,,none,,,,,Brown,Husted,,,,"일일 브리핑 09/03 추출(언급 3회)·브리핑이 '8/13'(9/3,9/4)과 '6월·8월 두 차례'(9/7,9/8)로 서로 다르게 서술 — 8/6–10 조사와 별개의 두 번째 Fox 조사로 보이나 날짜가 상충함",,2026-09-03;2026-09-04;2026-09-06,low
pending,"누락: start_date,end_date,dem_pct,rep_pct",,OH,Hart Research,Ohio Federation of Teachers (OFT),D,,,,,Brown,Husted,,,,"일일 브리핑 06/22 추출(언급 2회)·OFT(오하이오 교원노조)가 의뢰한 조사 — 노조는 민주당 성향 이익단체(partisan=D로 표기); 마진만 보도, 실사 기간 불명",https://www.oft-aft.org/press/oft-poll-sherrod-brown-leading-senate-race,2026-06-22;2026-06-25,low
pending,"누락: start_date,end_date,dem_pct,rep_pct",,OH,NYT/Siena,,none,,,,,Brown,Husted,,,,일일 브리핑 07/18 추출(언급 2회)·허스티드(공화)가 앞서는 결과이므로 margin_only는 민주 기준 음수(-3)로 기록,https://www.newsweek.com/sherrod-brown-jon-husted-ohio-senate-race-poll-12122669,2026-07-18;2026-07-19,low
pending,"누락: start_date,end_date,dem_pct,rep_pct,source_url",,OH,On Message Inc.,,R,,,,,Brown,Husted,,,,"일일 브리핑 06/24 추출(언급 5회)·공화당 내부(GOP internal) 조사. 6/24 브리핑에는 '3월 공화 내부조사'로만, 이후 브리핑에서 'On Message'로 명명됨. 정확한 일자 불명. · 브리핑에 '(R)' 표기 — 공화 계열/의뢰 조사로 추정, 명확한 스폰서명·톱라인 없음",,2026-06-24;2026-07-03;2026-07-04;2026-07-05;2026-07-06,low
pending,"누락: start_date,end_date,dem_pct,rep_pct",,OH,Quantus Insights,,none,,,,,Brown,Husted,,,,일일 브리핑 06/27 추출(언급 2회)·마진만 보도됨; 출처는 RCP 집계 페이지 내 언급,https://www.realclearpolling.com/polls/senate/special-election/2026/ohio/husted-vs-brown,2026-06-27;2026-06-28,low
dup,기존 CSV에 있음,,OH,Fox News/Beacon·Shaw,,none,RV,1015,2026-05-28,2026-06-01,Brown,Husted,53,45,8,"±3·일일 브리핑 06/09 추출(언급 52회)·07-18/19에는 수치 없이 '+8'만 언급, 07-23에 처음 53–45 토플라인 등장; 정확한 조사기간 미기재 · 무당파에서 브라운 +18, 민주 결집률 98%, 비MAGA 공화 지지층 31% 이탈 교차지지로 보도(8/11-12에는 마진 '+8'로만 재인용) · 08-22 브리핑은 동일 조사를 '51–43(+8)'으로 다르게 기재 — 원문 불일치 · 8/15 브리핑이 '6월 폭스 브라운 +8과 일치'라고 명시 — 8월 조사(8/6~10)와 동일 수치의 별개 웨이브로 서술됨 · 6월에도 동일 결과(브라운 +8, 53–45)가 별도로 보도되었으나 6월 조사의 정확한 조사일자는 텍스트에 없음",https://www.foxnews.com/politics/fox-news-poll-democratic-unity-republican-crossovers-shape-ohio-senate-race,2026-06-09;2026-06-10;2026-06-15;2026-06-16;2026-06-17;2026-06-25;2026-06-26;2026-06-27;2026-06-28;2026-06-29;2026-06-30;2026-07-18;2026-07-19;2026-07-22;2026-07-23;2026-07-24;2026-07-25;2026-07-26;2026-07-27;2026-07-28;2026-07-29;2026-07-30;2026-07-31;2026-08-01;2026-08-02;2026-08-03;2026-08-11;2026-08-12;2026-08-13;2026-08-15;2026-08-16;2026-08-17;2026-08-18;2026-08-20;2026-08-21;2026-08-22;2026-08-24;2026-08-25;2026-08-26;2026-08-28;2026-08-29;2026-08-30;2026-08-31;2026-09-01;2026-09-02;2026-09-09;2026-09-10;2026-09-12;2026-09-13;2026-09-15;2026-09-16;2026-09-17,high
dup,기존 CSV에 있음,,OH,AARP/Fabrizio Ward·Impact Research,AARP,none,LV,800,2026-06-14,2026-06-16,Brown,Husted,48,45,3,"±3.5·일일 브리핑 06/27 추출(언급 12회)·50세 미만 브라운 +22, 50세 이상 허스테드 +8 (하위집단, 참고)",https://www.newsweek.com/sherrod-brown-jon-husted-ohio-senate-race-poll-12122669,2026-06-27;2026-06-28;2026-06-29;2026-07-01;2026-07-02;2026-07-11;2026-07-12;2026-07-13;2026-07-14;2026-07-15;2026-07-16;2026-07-17,high
dup,기존 CSV에 있음,,OH,NYT/Siena,New York Times,none,,,2026-06-15,2026-06-29,Brown,Husted,47,50,-3,"일일 브리핑 07/05 추출(언급 19회)·NYT/Siena 6개주 배터리(다른 주 언급에는 thehill.com 링크가 붙지만 오하이오 수치에는 이 청크 내에서 URL이 직접 첨부된 적 없음) · NYT/Siena 경합주 세트(6월 말 조사, 7/1 공개)의 오하이오 결과, CNN 8/3 분석을 통해 재유통 · 정확한 조사 기간 불명, '허스테드 +3'으로도 반복 인용됨",https://www.cnn.com/2026/08/03/politics/democrats-midterms-senate,2026-07-05;2026-07-06;2026-07-07;2026-07-08;2026-07-09;2026-07-10;2026-07-11;2026-07-12;2026-07-13;2026-07-14;2026-07-15;2026-07-16;2026-07-17;2026-08-04;2026-08-13;2026-08-14;2026-08-15;2026-08-16;2026-08-18,medium
pending,누락: source_url,,OH,Wedgewood Polls,,none,LV,800,2026-08-11,2026-08-13,Brown,Husted,48,44,4,"일일 브리핑 08/20 추출(언급 7회)·실사 기간·표본 미확보, 집계 사이트 경유 확인 · 9/3 브리핑에서는 '8월 중순, +4'로만 인용됨",,2026-08-20;2026-08-22;2026-08-25;2026-09-03;2026-09-07;2026-09-08;2026-09-09,low
ready,,차단/오류(URLError),OH,InsiderAdvantage,,none,LV,1200,2026-09-08,2026-09-09,Brown,Husted,47,42,5,±2.83·일일 브리핑 09/12 추출(언급 4회)·원문 대조 차단/오류(URLError)·공화 성향 하우스,https://insideradvantage.com/top-line-tabs-ohio/,2026-09-12;2026-09-13;2026-09-16;2026-09-17,high
ready,,일치,OH,BGSU/YouGov,Bowling Green State University,none,LV,1000,2026-09-01,2026-09-10,Brown,Husted,48,45,3,"±4·일일 브리핑 09/17 추출·원문 대조 일치·레비(무소속) 3%, 레드패스(자유당) 2%",https://politicalwire.com/2026/09/16/sherrod-brown-leads-for-ohio-senate/,2026-09-17,high
pending,"누락: start_date,end_date",,TX,Bush School/Recon MR Pulse,,none,,,,,Talarico,Paxton,47,44,3,일일 브리핑 06/14 추출·조사 기간(fieldwork dates) 미기재.,https://thenationaldesk.com/news/americas-news-now/democrat-james-talarico-leading-attorney-general-ken-paxton-in-us-senate-race-for-texas-seat-poll-shows,2026-06-14,low
pending,"누락: start_date,end_date,dem_pct,rep_pct",,TX,NYT/Siena,,none,,,,,Talarico,Paxton,,,,"일일 브리핑 08/07 추출(언급 5회)·NYT/Siena 경합주 세트(6월 말 조사, 7/1 공개)의 텍사스 결과; 텍사스는 '동률'로만 언급되고 정확한 토플라인 수치는 미기재",https://www.cnn.com/2026/08/03/politics/democrats-midterms-senate,2026-08-07;2026-08-08;2026-08-09;2026-08-10;2026-08-11,low
pending,"누락: start_date,end_date,dem_pct,rep_pct,source_url",,TX,ReconMR,,none,,,,,Talarico,Paxton,,,,일일 브리핑 08/17 추출(언급 3회)·토플라인·기간·표본 모두 미공개,,2026-08-17;2026-08-18;2026-08-24,low
pending,"누락: start_date,end_date,dem_pct,rep_pct",,TX,Slingshot Strategies,,none,,,,,Talarico,Paxton,,,,"일일 브리핑 08/30 추출·실사기간 미공개, 원문이 '잠정 취급'으로 명시",https://www.natesilver.net/p/nate-silver-2026-midterm-election-polls-model,2026-08-30,low
pending,"누락: start_date,end_date",,TX,Telemundo/Mason-Dixon,,none,,,,,Talarico,Paxton,46,43,3,일일 브리핑 09/17 추출·조사기간·표본·오차 【수집 필요】,https://thehill.com/homenews/campaign/6091025-james-talarico-ken-paxton-leads-telemundo-poll/,2026-09-17,low
pending,"누락: start_date,end_date,source_url",,TX,Texas Public Opinion Research,,none,,,,,Talarico,Paxton,47,44,3,일일 브리핑 07/29 추출·07-29 기사에서 신규 TPOR 조사와 비교하기 위해서만 언급된 이전 TPOR 조사; 조사기간·출처 링크 미기재,,2026-07-29,low
pending,"누락: start_date,end_date,dem_pct,rep_pct,source_url",,TX,Texas Public Opinion Research,,none,,,,,Talarico,Paxton,,,,일일 브리핑 09/13 추출(언급 2회)·톱라인 미상,,2026-09-13;2026-09-14,low
dup,"기존 CSV에 있음(기관·수치 일치, 날짜 표기만 다름)",,TX,Texas Southern Univ./Jordan Research Center,,none,,,,,Talarico,Paxton,47,45,2,일일 브리핑 08/05 추출(언급 7회)·흑인 유권자 하위집단 분석(크로켓 경선 패배 영향 미미)도 같은 조사에서 보도됨(별도 항목화하지 않음),https://www.houstonpublicmedia.org/articles/news/politics/election-2026/2026/08/04/558614/talarico-paxton-poll-senate-texas-southern-university-black-voters/,2026-08-05;2026-08-06;2026-08-07;2026-08-08;2026-08-09;2026-08-10;2026-08-11,low
pending,"누락: start_date,end_date,dem_pct,rep_pct",,TX,Texas Southern University/Barbara Jordan Center,,none,,,,,Talarico,Paxton,,,,일일 브리핑 08/13 추출(언급 2회)·전체 토플라인은 8/18에 'TSU 탈라리코 +2'로만 인용됨. 하위집단 우위가 함께 강조되나 조사 자체는 전체 매치업 조사임,https://www.houstonpublicmedia.org/articles/news/politics/election-2026/2026/08/04/558614/talarico-paxton-poll-senate-texas-southern-university-black-voters/,2026-08-13;2026-08-18,low
pending,"누락: start_date,end_date,dem_pct,rep_pct,source_url",,TX,UT Austin/Texas Politics Project,University of Texas,none,,,,,Talarico,Paxton,,,,일일 브리핑 09/13 추출(언급 2회)·톱라인 미상,,2026-09-13;2026-09-14,low
dup,"기존 CSV에 있음(기관·수치 일치, 날짜 표기만 다름)",,TX,Wedgewood Polls,,none,LV,800,,,Talarico,Paxton,48,46,2,일일 브리핑 08/04 추출·'웨지우드 폴스'는 한국어 표기 그대로 영문화(정확한 조사기관 표기 불확실),https://www.breitbart.com/midterm-election/2026/08/02/poll-texas-leftist-james-talarico-gains-two-point-edge-over-republican-ken-paxton-in-u-s-senate-race/,2026-08-04,low
pending,"누락: start_date,end_date",,TX,YouGov,,none,,,,,Talarico,Paxton,47,49,-2,일일 브리핑 06/25 추출·'6/12'가 실사 종료일인지 발표일인지 불명확하여 release_date로 처리,https://www.texastribune.org/2026/06/23/texas-us-senate-poll-ken-paxton-james-talarico-ut-austin/,2026-06-25,low
reject,"조사기관 미상/내부조사(미상(The Hill 보도, 여론조사기관명 불명))",,TX,"미상(The Hill 보도, 여론조사기관명 불명)",,none,,,,,Talarico,Paxton,46,41,5,"±2.5·일일 브리핑 06/19 추출(언급 2회)·브리핑 텍스트에 여론조사 기관명이 명시되지 않음(The Hill 보도로만 확인, 이전에 보도된 Quantus·Texas Pulse·Texas A&M 수치와 모두 불일치하는 별개 수치).",https://thehill.com/homenews/campaign/5902035-texas-senate-race-poll/,2026-06-19;2026-06-20,low
ready,,차단/오류(HTTPError),TX,Bush School/Recon MR Pulse,,none,,807,2026-06-01,2026-06-04,Talarico,Paxton,46,46,0,일일 브리핑 06/14 추출(언급 5회)·원문 대조 차단/오류(HTTPError),https://thehill.com/homenews/campaign/5916384-talarico-leads-paxton-texas-poll/,2026-06-14;2026-06-18;2026-06-20;2026-06-21;2026-06-22,high
ready,,일치,TX,Quantus Insights,,none,LV,800,2026-06-03,2026-06-04,Talarico,Paxton,43,45,-2,일일 브리핑 06/09 추출(언급 6회)·원문 대조 일치,https://www.newsweek.com/james-talarico-in-striking-distance-of-beating-ken-paxton-in-texas-poll-12040071,2026-06-09;2026-06-10;2026-06-14;2026-06-18;2026-06-21;2026-06-22,high
dup,"기존 CSV에 있음(기관·수치 일치, 날짜 표기만 다름)",,TX,UT Austin/Texas Politics Project,Texas Tribune,none,RV,1200,2026-06-05,2026-06-12,Talarico,Paxton,42,43,-1,"±3.5·일일 브리핑 06/24 추출(언급 17회)·2026-07-07 브리핑은 이 조사를 NYT/Siena와 함께 '47–47 동률'로 표기(오기로 추정); 이후 07-10~07-15 브리핑은 일관되게 팩스턴 43–42로 보도 — 원문 불일치를 그대로 반영 · URL 경로상 발행일이 2026-06-23로 보이나 본문에 별도 조사기간 명시 없음(추정, 미확인) · '6월'로만 언급, 정확한 기간 미기재",https://www.texastribune.org/2026/06/23/texas-us-senate-poll-ken-paxton-james-talarico-ut-austin/,2026-06-24;2026-06-25;2026-06-27;2026-06-28;2026-06-29;2026-06-30;2026-07-02;2026-07-03;2026-07-07;2026-07-10;2026-07-11;2026-07-12;2026-07-15;2026-07-20;2026-07-21;2026-07-22;2026-08-26,high
dup,기존 CSV에 있음,,TX,NYT/Siena,New York Times,none,LV,656,2026-06-19,2026-06-27,Talarico,Paxton,47,47,0,"±4.5·일일 브리핑 07/01 추출(언급 25회)·NYT/Siena 6개주 배터리, 주당 약 600명(근사치, 정확 n 비공개, 07-10 브리핑 기준) · 정확한 조사기간 미기재; '플래트너 사퇴 이전 조사'로 배경 설명된 6개주 패키지의 일부(07-21 이후 언급)",https://thehill.com/homenews/campaign/5946853-texas-senate-race-james-talarico-ken-paxton-tied-survey/,2026-07-01;2026-07-02;2026-07-03;2026-07-04;2026-07-05;2026-07-06;2026-07-07;2026-07-08;2026-07-09;2026-07-10;2026-07-11;2026-07-12;2026-07-13;2026-07-14;2026-07-16;2026-07-17;2026-07-20;2026-07-21;2026-07-22;2026-07-23;2026-07-24;2026-07-25;2026-07-26;2026-07-27;2026-07-28,high
dup,기존 CSV에 있음,,TX,Texas Public Opinion Research,,none,LV,1048,2026-07-15,2026-07-17,Talarico,Paxton,45,40,5,"±3.4·일일 브리핑 07/29 추출(언급 10회)·TPOR 책임자가 민주당 전략가(루크 워포드) — 하우스 성향 유의; 표본이 2024년 실제 결과보다 민주 우호적(+11)이라는 지적 있음 · 5월 이전 웨이브(+3)는 이 청크의 서술 범위 밖(수치 미기재)이라 별도 항목화하지 않음 · '7월 중순'으로만 언급, 정확한 기간 미기재",https://www.texastribune.org/2026/07/28/texas-senate-poll-james-talarico-ken-paxton-july-2026/,2026-07-29;2026-07-30;2026-07-31;2026-08-01;2026-08-02;2026-08-03;2026-08-06;2026-08-07;2026-08-18;2026-08-25,high
dup,기존 CSV에 있음,,TX,Fox News/Beacon·Shaw,,none,RV,1006,2026-07-23,2026-07-27,Talarico,Paxton,51,48,3,"±3·일일 브리핑 08/07 추출(언급 8회)·8/13 브리핑은 '7월 말' 재집계로만 언급, 8/18에 정확한 기간 확인",https://www.newsweek.com/democrats-see-promising-signs-in-new-texas-senate-poll-12267626,2026-08-07;2026-08-08;2026-08-09;2026-08-10;2026-08-11;2026-08-13;2026-08-18;2026-08-24,high
dup,기존 CSV에 있음,,TX,Bush School/Recon MR Pulse,,none,LV,619,2026-07-27,2026-07-30,Talarico,Paxton,47,43,4,±4.7·일일 브리핑 08/08 추출(언급 4회),https://texaspolitics.utexas.edu/blog/texas-2026-u-s-senate-poll-tracker,2026-08-08;2026-08-09;2026-08-10;2026-08-11,high
dup,기존 CSV에 있음,,TX,Emerson College/Nexstar,Nexstar,none,LV,1000,2026-08-09,2026-08-10,Talarico,Paxton,46,47,-1,±3·일일 브리핑 08/14 추출(언급 26회)·08-18 브리핑은 조사기간을 '8/9~11'로 정정 표기(Newsweek 보도 기준) · 조사기간(범위)·표본 미상,https://emersoncollegepolling.com/texas-2026-poll-paxton-and-talarico/,2026-08-14;2026-08-15;2026-08-16;2026-08-17;2026-08-18;2026-08-20;2026-08-21;2026-08-23;2026-08-24;2026-08-25;2026-08-26;2026-08-28;2026-08-29;2026-08-30;2026-08-31;2026-09-01;2026-09-02;2026-09-03;2026-09-04;2026-09-05;2026-09-06;2026-09-07;2026-09-08;2026-09-13;2026-09-14;2026-09-15,high
dup,기존 CSV에 있음,,TX,UT Austin/Texas Politics Project,,none,RV,1200,2026-08-05,2026-08-13,Talarico,Paxton,42,39,3,"±2.83·일일 브리핑 08/26 추출(언급 8회)·자유당 후보 테드 브라운 3%, 무응답 14% 별도 존재 · 8/25는 RCP 등재일",https://www.kxan.com/news/texas-politics/james-talarico-leads-ken-paxton-poll/,2026-08-26;2026-08-27;2026-08-30;2026-09-02;2026-09-03;2026-09-04;2026-09-07;2026-09-08,high
dup,기존 CSV에 있음,,TX,Overton Insights,Texas Public Policy Foundation,none,LV,1167,2026-08-24,2026-08-26,Talarico,Paxton,44,43.4,0.6,"±2.9·일일 브리핑 09/09 추출(언급 3회)·공화 성향 하우스, TPPF(보수 정책재단) 공동; 부동층 배분 시 50–50",https://overtoninsights.com/press-release-talarico-up-by-less-than-a-point-over-paxton-with-two-months-remaining/,2026-09-09;2026-09-10;2026-09-13,high
dup,기존 CSV에 있음,,TX,TPPF/Overton Insights,Texas Public Policy Foundation,R,LV,1167,2026-08-24,2026-08-26,Talarico,Paxton,44,43,1,±2.9·일일 브리핑 09/04 추출(언급 5회)·sponsor는 TPPF(보수 성향 싱크탱크)로 partisan R 표기; RCP의 '성향 포함' 버전은 50–50으로 별도 기록됨,,2026-09-04;2026-09-05;2026-09-06;2026-09-07;2026-09-08,medium
dup,기존 CSV에 있음,,TX,Texas Public Opinion Research,,none,LV,1000,2026-08-21,2026-08-26,Talarico,Paxton,48,42,6,±3.3·일일 브리핑 08/28 추출(언급 7회)·초기 발표(8/28)는 47–40; RCP 8/27 등재분은 전체 톱라인 48–42로 정정,https://www.realclearpolling.com/latest-polls/senate,2026-08-28;2026-08-29;2026-08-30;2026-08-31;2026-09-01;2026-09-02;2026-09-03,high
dup,기존 CSV에 있음,,TX,AARP/Fabrizio Ward·Impact Research,AARP,none,LV,895,2026-08-30,2026-09-01,Talarico,Paxton,48,44,4,±3.3·일일 브리핑 09/11 추출(언급 6회)·파브리지오 워드(공화)+임팩트 리서치(민주) 공동 조사,https://thehill.com/homenews/campaign/6083122-james-talarico-ken-paxton-texas-senate-aarp-poll/,2026-09-11;2026-09-12;2026-09-13;2026-09-15;2026-09-16;2026-09-17,high
ready,,일치,TX,Univision/YouGov,Univision,none,RV,1000,2026-08-27,2026-09-04,Talarico,Paxton,48,43,5,"±3.6·일일 브리핑 09/12 추출(언급 4회)·원문 대조 일치·9/16 회차에서 조사기관·기간이 'Univision/YouGov, 8/27–9/4, 1,000 RV, ±3.6'로 상세화됨",https://www.univision.com/noticias/politica/poll-univision-texas-2026,2026-09-12;2026-09-13;2026-09-16;2026-09-17,high
ready,,차단/오류(URLError),TX,InsiderAdvantage,,none,LV,1200,2026-09-08,2026-09-09,Talarico,Paxton,47,46,1,±2.83·일일 브리핑 09/12 추출(언급 4회)·원문 대조 차단/오류(URLError)·공화 성향 하우스,https://insideradvantage.com/top-line-tabs-texas/,2026-09-12;2026-09-13;2026-09-16;2026-09-17,high
