date,type,actor,affiliation,state_or_district,event,detail,race_link,significance,source_url
2024-12,북한,Andy Kim,D-상원,NJ,한국 비상계엄 사태 관련 입장 표명,윤석열 계엄 선포가 한국 민주주의 위협이라 논평; 한국계 첫 연방 상원의원(2024-12-09 취임); 정확 일자 미확인(월 단위),,1,https://en.wikipedia.org/wiki/Andy_Kim_(politician)
2025-02-12,법안표결,Tim Kaine,D-상원,VA,S 555 한국계 이산가족 등록부법 발의,국무부에 한국전쟁 후 북측 가족과 헤어진 한국계 미국인 이산가족 등록부 설치 지시; 상원 외교위 보고 완료; 하원 대응법안 HR 1273,,2,https://www.congress.gov/bill/119th-congress/senate-bill/555
2025-04-19,인사,Ashley Hinson,R-IA-02(2026 상원 후보),IA,CSGK 의회 대표단으로 방한 — 조태열 외교장관 면담,"Congressional Study Group on Korea(전직의원협회 주관) 대표단 일원으로 2025-04-12~19 방한. 동행 Bera·Salinas·Kiggans·Carbajal·Min·Moore. ※CSGK는 하원 Korea Caucus와 별개 조직이며 Hinson은 Korea Caucus 임원이 아님(평회원 여부 미확인). 방한 후 관련 보도자료 없음(의원실 아카이브 약 860건 전수 확인). 한국 관련 법안 발의·공동발의는 117~119대 1,014건 중 0건 — H.Res.64 미·한 동맹 결의안에도 불참. 본회의 표결은 이산가족등록법(2024 Roll 281)·북한인권법 재승인(2024 Roll 474) 찬성 2건이나 둘 다 초당적 압도 통과 건.",states/ia.qmd,2,https://keia.org/analysis/q2-2025-u-s-korea-trade-and-diplomacy-ledger/
2025-06-25,선거연계,Dave Min,D-하원,CA-47,Young Kim의 ICE 감사 결의안 규탄,한국계 업소 대상 ICE 단속 와중에 ICE에 감사를 표하는 Young Kim 결의안을 비판; 한국계 의원 간 대립 사례,CA-47,1,https://min.house.gov/media/press-releases/watch-rep-dave-min-condemns-rep-young-kims-resolution-thanking-ice-agents-amid
2025-07-24,법안표결,Young Kim,R-하원,CA-40,HR 4687 Partner with Korea Act 발의,KORUS FTA 기반 한국 고급인력 대상 E-4 전문직 비자 연 15;000개 신설(미국인 대체 불가 조건); Kamlager-Dove(D)와 초당적 공동발의,CA-40,2,https://www.congress.gov/bill/119th-congress/house-bill/4687
2025-09-05,선거연계,Dave Min,D-하원,CA-47,조지아 현대차 EV 공장 ICE 단속·한국인 구금 규탄,현대차 배터리공장 ICE 단속으로 한국인 300여 명 포함 475명 구금; Min은 무차별 단속이 외국기업 대미투자를 위축시킨다 비판,CA-47,2,https://min.house.gov/media/press-releases/statement-rep-dave-min-condemns-detainment-hundreds-south-koreans-hyundai-ev
2025-10,통상,Andy Kim,D-상원,NJ,한미 무역협정 관련 성명,2025년 10월 미·한 무역합의에 대한 입장 표명; 한국계 첫 상원의원으로서 양국관계 발언; 정확 일자 미확인(월 단위),,1,https://www.kim.senate.gov/newsroom/6
2025-11-07,법안표결,Young Kim,R-하원,CA-40,HR 5959 북한인권법 재승인법 발의,2004년 북한인권법 재승인·갱신; 북한 주민 인권·정보접근 증진; Ami Bera(D)와 공동발의; Kim은 하원 외교위 동아태소위원장,CA-40,2,https://www.congress.gov/bill/119th-congress/house-bill/5959
2026-04-29,북한,Young Kim,R-하원,CA-40,제23회 North Korea Freedom Week 라운드테이블 주재,탈북민 11명과 인권유린 증언 청취; HR 5959 통과 촉구; Congressional Study Group on Korea 공동의장,CA-40,1,https://youngkim.house.gov/2026/04/29/rep-young-kim-chairs-north-korea-freedom-week-roundtable-urges-passage-of-north-korean-human-rights-reauthorization-act/
2026-06-04,안보,Korea Caucus 공동의장단,초당파,,Korea Caucus 이재명 대통령 당선 축하 성명,Bera(D)·Strickland(D)·Wilson(R)·Kelly(R) 4인 공동의장 명의; 한미동맹 강화 의지 표명; 한국전 75주년 언급,,2,https://bera.house.gov/news/press-releases/statement-from-the-co-chairs-of-the-congressional-korea-caucus-congratulating-president-lee-jae-myung
2026-06-08,법안표결,Ami Bera,D-하원,CA-06,HR 3429 한미일 3자협력법 하원 통과,한·미·일 의원 정례 협의체 설치를 국무부에 지시; 본회의 suspension of rules(구두표결) 가결 후 상원 외교위 회부; Young Kim 등 초당적 공동발의; congress.gov 액션 6/8 vs 보도 6/9 1일 차,,3,https://www.congress.gov/bill/119th-congress/house-bill/3429
2026-06-14,북한,트럼프,R-행정부,,NSS서 북핵 비핵화 목표 문구 삭제,2003년 이래 모든 정부 NSS에 있던 '북핵 위협 종식' 목표가 신규 글로벌안보 로드맵에 부재; Trump-Kim 회동 재개 기대 자극,,3,https://www.scmp.com/news/asia/east-asia/article/3335605/trump-drops-north-korea-denuclearisation-goal-2026-hints-talks-kim-jong-un
2026-06-14,북한,USNI/CRS,의회,,의회 제출 북핵·미사일 보고서 갱신,북한 9차 당대회서 핵보유국 지위 '불가역적' 규정; 미국이 1718위원회에 제재 선박 7척 등재 제안했으나 중·러가 6월 중순까지 보류,,2,https://news.usni.org/2026/06/03/report-to-congress-on-north-koreas-nuclear-weapons-and-missile-programs-4
2026-06-14,북한,외교트랙,행정부,,대북 외교 2026 내내 후순위,Iran 전쟁(2/28 개전)·Venezuela 작전이 외교 스포트라이트 흡수하며 대북 외교 정체; Trump-Kim 회동 관측만 지속,,1,https://www.38north.org/2026/02/the-2026-window-can-the-ember-of-us-north-korea-diplomacy-still-catch-fire/
2026-06-14,인사,주한대사(공석),국무부,,주한 미 대사 공석 장기화,대사대리 이임·새 보직 이동설; 트럼프 행정부 한국 포함 약 80개국 정식 대사 미지명; 1기 때 Harris 지명까지 17개월 전례,,2,https://www.koreaherald.com/article/10650777
2026-06-14,통상,트럼프,R-행정부,,10월 무역합의 미비준 시 25% 관세 재인상 위협,한미 10월 무역합의 비준 안 되면 25% 관세 재인상 위협(1/27 발언 배경); 윈도우 내 신규 진전 미확인,,2,https://www.orfonline.org/research/south-korea-s-policy-adjustments-under-trump-2-0
2026-06-14,선거연계,Young Kim,R-하원,CA-40,CA-40 Young Kim vs Ken Calvert 공화 동족 본선 확정,Prop 50 재획정으로 한국계 현역 Kim과 6선 Calvert가 같은 신설구에 묶여 둘 다 본선행; 신설구는 2024 대선 기준 더 공화 성향이라 민주 픽업 대상 아님,CA-40,2,https://www.notus.org/2026-election/two-house-republicans-california-40th-district
2026-06-18,인사,Michelle Park Steel,R-국무부,,상원 본회의 Michelle Park Steel 주한대사 인준 가결(55-39),한국계 전 CA 공화 하원의원; 4/13 트럼프 지명·6/4 외교위 14-8 통과 후 6/17 본회의 55-39 인준; Sung Kim 이후 두 번째 한국계 주한대사; 약 1.5년 공석 해소; 반대 39표 당파적 표결,,3,https://www.koreaherald.com/article/10774361
2026-06-18,선거연계,Grace Meng/Dave Min/Marilyn Strickland,D-하원,,한국계 의원들 Korea Caucus 창립자 Charles Rangel 추모 결의안 공동발의,6/12 발의; 고 Rangel(Korea Caucus 창립멤버·한국전 참전·전 하원 세입위원장) 추모; 공동발의에 한국계 Dave Min(CA-47)·Marilyn Strickland(WA-10) 포함,,1,https://www.koreaherald.com/article/10770949
2026-06-19,선거연계,Julie Won,D-NYC 시의원/하원후보,NY-07,한국계 Julie Won NY-07 민주 예선(6/23) 도전 — 'NY주 첫 한국계 연방하원' 목표,퀸스 시의원(뉴욕시의회 첫 한국계); 은퇴하는 Velázquez 후임 도전; 5월 다수 AAPI 단체 지지; NY-07 Safe D라 6/23 민주 예선이 사실상 승부처; 예선 결과 미확인(6/23 이후 갱신),NY-07,1,https://qns.com/2026/03/won-launches-ny-7-bid/
2026-06-19,선거연계,Charles Park,D-하원후보,NY-06,한국계 Charles Park NY-06 민주 예선(6/23) 도전 — 현역 Grace Meng에 맞서,퀸스 출신 한국계·전 미 외교관(Foreign Service); 현역 Grace Meng에 도전; NY-06 Safe D; 예선 결과 미확인(6/23 이후 갱신),NY-06,1,https://www.cityandstateny.com/prediction-markets/races/ny-06-democratic-nominee
2026-06-24,선거연계,Julie Won/Claire Valdez/Grace Meng/Charles Park,D-하원후보,NY-07,NY-07·NY-06 민주 예선 결과 확정 — 한국계 Julie Won 3위 낙선; 11월 본선行 한국계 전무,NY-07(개표 ~87%) Claire Valdez(DSA·주의원) 58.1% 당선; Antonio Reynoso 32.5%; 한국계 퀸스 시의원 Julie Won 7.5%로 3위(5월 Emerson ~13%보다 하락); NY-06 현역 Grace Meng이 한국계 전 외교관 Charles Park 제압; 'NY주 첫 한국계 연방하원' 목표 무산; 양석 모두 Safe D로 의석통제 영향 없음,NY-07,2,https://www.brooklynpaper.com/valdez-beats-reynoso-ny-7-primary/
2026-06-26,선거연계,Andy Kim/Young Kim/Cory Booker,D-상원·R-하원,,KAGC 첫 'Korean American Night'(6/23 워싱턴 LG 사무소)— 한국계 정치력 과시·Partner with Korea Act 추진·Steel 주한대사 평가 분열,KAGC(재미한인유권자연대) 첫 Korean American Night 6/23 워싱턴 LG 사무소서 개최; 앤디 김(D-NJ)·코리 부커(D-NJ)·영 김(R-CA) 참석; 현 연방의원 한국계 4인·한국계 의회 보좌진 약 90명 강조; 영 김(하원 외교위 동아태소위원장) 'Partner with Korea Act'(한국 고급인력 대상 E-4 비자 최대 15000개 신설) 통과 추진 재천명·한국 美 8위 교역국·3500억달러 투자 언급; Michelle Steel 주한대사(6/17 55-39 인준) 평가 분열— 영 김 '적임자(right person at right time)'·앤디 김 '아시아계 후보 인종주의적 공격' 비판·사과 요구,,2,https://www.upi.com/Top_News/World-News/2026/06/25/Korean-American-Grassroots-Conference/5141782428602/
2026-06-26,산업,Hanwha Power(한화파워),한국 기업,OH,한화파워 美 전력시장 첫 진출— 오하이오 가스발전소에 가스압축기 3기 공급·9년 서비스계약,한화파워가 오하이오주 가스발전소에 가스압축기 3기 공급·9년 서비스 계약으로 美 전력시장 첫 진출(6/25 Asia Today); 한국 기업의 대미 에너지·산업 투자 흐름 일환; 직접적 의회·정책 연계는 없음(트렌드),,1,https://www.upi.com/Top_News/World-News/2026/06/25/hanwha-power-ohio-power-plant/3641782431486/
2026-06-26,산업,LS Cable(LS전선),한국 기업,VA,LS전선 버지니아 해저케이블 공장 핵심공정(201m 타워) 착수,LS전선이 버지니아 해저케이블 공장에서 201m 타워 건설 착수(6/25 Asia Today); 美 전력망·AI 데이터센터 전력수요 겨냥; 한국 기업 대미 산업투자 흐름(트렌드),,1,https://www.upi.com/Top_News/World-News/2026/06/25/ls-cable-201-meter-tower-virginia-subsea-cable-plant/5341782430471/
2026-06-28,산업,한국수출입은행·한미전략투자공사·조선3사(HD현대중공업·삼성중공업·한화오션),한국 정책금융/기업,,한·미 1500억달러 조선협력 투자동맹 출범·'한미 조선협력 투자협의회' 신설(6/25)— 2025-11 딜의 1500억달러 조선 패키지 첫 제도적 이행,한국수출입은행·산업은행·무역보험공사·해양진흥공사 등 정책금융기관과 한미전략투자공사가 HD현대중공업·삼성중공업·한화오션 조선 3사와 6/25 서울 수은 본점서 MOU 체결; '한미 조선협력 투자협의회' 신설(수은 사무국)— 美 조선소 투자·함정 건조·MRO·상선 등 프로젝트 발굴·정책금융 조율; MASGA(Make American Shipbuilding Great Again) 이행 첫 제도적 단계로 2025-11 한미 전략적 무역·투자 딜의 1500억달러 조선 패키지 구체화; 직접적 美 의회·표결 연계 없음(이행/트렌드),,2,https://www.koreaherald.com/article/10788249
2026-07-04,통상,US House Judiciary Committee(짐 조던 위원장)·한국 대통령실,R-하원 법사위/한국 정부,,美 하원 법사위 '한국의 미국기업 차별' 보고서(Closed for Competition) 발표(7/1)— 쿠팡 사례 중심·2025 무역합의 위반 주장; 한국 정부 7/2 '사실과 다르다' 반박,하원 법사위(공화) 35쪽 interim staff report 'Closed for Competition: South Korea's Discriminatory Attacks on American-owned Businesses' 7/1(ET) 발표; 쿠팡 데이터 유출(3370만명) 조사 계기— 임시 CEO Harold Rogers(미국 시민) 약 7시간 비공개 증언; 'whole-of-government assault' 주장— NIS의 중국 기기회수 지시 후 부인·Rogers 형사입건 위협·공정위 dawn raids·4.1억달러 과징금 '불비례'; 한국 디지털 규제(DMA 모델)의 미국기업 겨냥 '무기화' 주장; 2025 한미 무역합의 위반 주장·10년간 5000억달러+ 비용 경고; Rogers 'the most difficult regulatory environment(경력상 가장 어려운 규제환경)'; 한국 대통령실 7/2 'factually inaccurate(사실과 다르다)·쿠팡 주장 일방 의존' 반박; 트럼프 25% 관세 위협·§122 만료(~7/24) 국면과 중첩되는 의회발 통상압박 채널,,2,https://judiciary.house.gov/media/press-releases/new-report-exposes-south-koreas-discriminatory-attacks-american-owned
2026-07-07,통상,USTR,행정부,,美 USTR §301 강제노동 60개국 조사 절차 분수령— 서면의견 마감(7/6)·공청회(7/7); 한국 12.5% 추가관세 제안 대상,USTR 6/2 발표 §301 강제노동 조사(60개 경제권; 美 수입의 99%) 제안관세에 대한 서면의견 7/6(ET) 마감·공청회 7/7(ET) 개최; 한국은 강제노동 수입금지 미도입·미집행 54개 경제권에 포함돼 12.5% 제안 대상(10%는 금지제도 보유·약속 6개국— 캐나다·에콰도르·EU·인도네시아·멕시코·파키스탄); §122 10% 기본관세 만료(~7/24) 이후 대체 트랙으로 유력— 2025-11 한미 무역합의 15% 체계 위 중첩 리스크; 강제노동 수입금지 도입 약속 시 10% 구간 이동 여지,,2,https://ustr.gov/about/policy-offices/press-office/press-releases/2026/june/ustr-makes-findings-and-proposes-action-60-section-301-investigations-relating-failures-take-action
2026-07-08,안보,이재명·마크 뤼터(NATO),한국 대통령/NATO 사무총장,,이재명 대통령 NATO 앙카라 정상회의 참석(7/7)— 뤼터 첫 회담·IP4 회의 주재·'한-NATO 방산 파트너십 2.0' 제안,취임 후 첫 NATO 정상회의(제36차; 앙카라); 뤼터 사무총장 초청— 비동맹국 정상 참석은 이재명·젤렌스키 2인뿐; 7/7 도착 직후 뤼터와 첫 대면 회담·정상 만찬 참석; IP4 회의 주재(일본·호주·NZ는 국방장관급 참석); 방산 포럼서 무기판매 넘어 공동 개발·생산·운용 지향 'Korea-NATO Defense Industry Partnership 2.0' 제안— 세계 최대 방산시장 겨냥; 트럼프 조우 미확인(트럼프-젤렌스키 회담 7/8 예정; 이-트럼프 양자 일정 없음); 3500억달러 이행·15% 관세 체계는 지속 관찰; 정상회의 후 몽골 국빈방문 예정,,2,https://www.koreaherald.com/article/10801391
2026-07-09,안보,루비오·모테기·조현,한·미·일 외교장관,,올해 첫 한·미·일 외교장관 회담(7/8; NATO 앙카라 정상회의 계기)— 한반도 비핵화 재확인·북 사이버 공동 대응·경제안보 축 재확인,루비오 미 국무장관·모테기 일 외무상·조현 외교장관이 NATO 앙카라 정상회의(7/7~8) 계기 올해 첫 3국 외교장관 회담; '한반도 비핵화(denuclearization of the Korean Peninsula)' 공약 재확인; 북한 불법 사이버 활동 대응 협력 강화; 경제안보 핵심 축— 원자력·AI·양자기술 협력 심화·공급망 복원력·경제적 강압 공동 대응; 트럼프 대북 관여 기조에도 '비핵화' 문구 유지,,2,https://www.state.gov/releases/office-of-the-spokesperson/2026/07/united-states-japan-republic-of-korea-rok-trilateral-foreign-ministers-meeting
2026-07-09,산업,한·미·일 3국 정부,정부간 합의,,한·미·일 SMR(소형모듈원자로) 제3국 수출 협력 MOC 서명(7/7)— 인도태평양 초기 중점,3국 정부가 제3국 SMR 보급 가속화 3자 협력 프레임워크 MOC 서명(7/7; 앙카라 NATO 계기); 초기 중점 인도태평양; 한·미 원전수출 협력 구체 채널— 한국 원전산업(한수원·두산)의 미 주도 인도태평양 프로젝트 참여 여지; 향후 123협정 등 연계 관찰,,2,https://www.state.gov/releases/office-of-the-spokesperson/2026/07/the-united-states-japan-and-the-republic-of-korea-sign-a-trilateral-memorandum-of-cooperation-on-small-modular-reactor-deployments-in-other-countries/
2026-07-10,산업,美 국방부·해군/HD현대중공업·한화오션·삼성중공업,행정부/한국 조선3사,,美 국방부·해군 한국 조선3사에 구축함·중형 급유함 RFI 첫 발송(7/8 보도)— 미 정부의 한국 조선소 전투함 건조능력 첫 공식 타진,미 국방부(전투함/구축함)·미 해군(중형 급유함) RFI에 HD현대중공업·한화오션이 함정 설계·건조 역량 제출; 급유함 RFI엔 삼성중공업 포함 3사 회신— 연간 건조능력·설계인력·건조실적 등 제공; 트럼프 6월 G7(프랑스)서 이재명에 '미 군함 10척 빨리 지을 수 있나' 질문 후속; 정식 입찰 전 정보수집 단계로 MASGA 이행 구체화; Byrnes-Tollefson 수정조항(해군 함정 해외건조 금지)상 한국내 건조엔 법 개정 필요— NDAA 시즌 의회 이슈화 관찰,,2,https://www.koreatimes.co.kr/foreignaffairs/20260708/us-requests-information-on-korean-shipbuilders-naval-construction-capacity-sources
2026-07-11,산업,SK하이닉스,한국 반도체기업,,SK하이닉스 나스닥 ADR 상장(7/10)— 265억달러 조달로 외국기업 사상 최대 미국 상장; 첫날 약 +13% 마감,ADR 1억7790만주 주당 149달러(티커 SKHYV; 보통주 1주=ADR 10주); 265억달러 조달— 외국기업 미 증시 사상 최대·역대 3위(아람코 294억·스페이스X 857억 다음); 장중 168달러 터치(+17%) 후 약 +13% 마감; 청약 수요 공모 7배; 글로벌 HBM 점유율 약 56%— AI 반도체 수요 배경; 한미 자본시장 통합 심화·관세 리스크 헤지 상징,,2,https://www.forbes.com/sites/tylerroush/2026/07/10/sk-hynix-surges-17-in-record-setting-us-debut-heres-what-regular-investors-should-know/
2026-07-11,통상,이승헌(주미대사관 상무관)·한국무역협회,한국 정부/업계,,USTR §301 강제노동 관세 공청회서 한국 정부 '12.5% 부당' 공식 증언(7/9 ET)— 세율 15% 상한 시사 보도,주미대사관 이승헌 상무관 USTR 공청회(USITC 개최; 7/9 ET) 증언— 12.5% 제안관세 'neither appropriate nor necessary(적절하지도 필요하지도 않다)'; 강행 시 'more favorable treatment(더 유리한 대우)' 요구; KITA 회장 USTR에 유예·인하 촉구; 美측 §301 세율이 상호관세 15% 초과하지 않을 것이라 전달 보도; §122 10% 기본관세 7/24 만료 전 최종 발표 임박,,2,https://www.koreaherald.com/article/10804591
2026-07-12,산업,트럼프·이재명,미·한 대통령,,트럼프-이재명 NATO 앙카라 만찬 회동(7/7)— 군함 건조 협력 실무협의 진전 합의·이 대통령 방미(골프 포함) 조율,NATO 앙카라 정상회의 에르도안 주최 환영만찬(7/7 저녁)서 조우; 대통령실 대변인(7/8)— 미 군함 건조 협력 구체 방안 위한 실무급 협의 지속 합의; 이 대통령 한국 조선업 역량 강조·'최대한 협조' 언급; 적절한 시점 방미·골프 회동 조율 합의; 7/8 행의 '트럼프 조우 미확인' 결말— 만찬 계기 회동 확인; 국방부·해군 RFI(7/10 등재)와 맞물린 MASGA 최고위급 뒷받침,,2,https://www.koreaherald.com/article/10802825
2026-07-12,산업,하워드 러트닉(상무장관),행정부,,러트닉 삼성·SK하이닉스에 미국 내 메모리 팹 건설 압박(7/9 ET)— 'AI 메모리 부족' 이유·마이크론 뉴욕 착공식 발언,마이크론 뉴욕주 클레이 팹 콘크리트 타설식(7/9 ET)서 발언— 삼성전자·SK하이닉스에 미국 내 메모리 생산 확대 요구; 양사와 협의 중 확인(세부 비공개); 양사 호남권 약 800조원(5320억달러) 투자 발표 직후 압박; 업계는 DRAM 웨이퍼 팹 미국 이전이 궁극 목표로 관측; 연초 트럼프 '미건설 시 100% 관세' 위협과 연결; 마이크론 팹은 NY-22 경합지 인근— 반도체 일자리 중간선거 쟁점,NY-22,2,https://www.bloomberg.com/news/articles/2026-07-09/lutnick-presses-sk-hynix-samsung-to-boost-memory-output-in-us
2026-07-13,안보,제프리 재블론(RIMPAC 연합기동부대사령관·美 해군 중장),미 해군,,RIMPAC 2026서 한국 해군 사상 첫 해상구성군사령부(CMC) 지휘— 美 사령관 공개 호평(7/12 보도),김인호 해군 소장(한국 함대사령관) RIMPAC 해상구성군사령관 수행— 아시아 국가 최초; 재블론 중장 'extremely pleased(매우 만족)' 평가; 2024년 부사령관 수행 후 올해 지휘 승계; 정조대왕함·도산안창호함·P-8A 등 최신 전력 파견; 30개국·수상함 30여척·병력 약 3만(7/31까지); 해군 상호운용성— MASGA·군함 RFI 트랙의 동맹 신뢰 배경,,1,https://www.koreatimes.co.kr/southkorea/defense/20260712/us-commander-praises-koreas-rimpac-leadership
2026-07-14,산업,코스피/삼성전자·SK하이닉스,한국 증시/반도체기업,,호르무즈 전면봉쇄에 코스피 -8.95% 폭락(7/13)— 삼성 -10.7%·SK하이닉스 -15.4%; SK하이닉스 나스닥 ADR 상장차익 소멸,코스피 6806.93 마감(-8.95%; -669.01p)— 매도 사이드카 발동·올해 7번째 서킷브레이커성 이벤트; 삼성전자 -10.7%·SK하이닉스 -15.4%; 외국인·기관 2.8조원+ 순매도; IRGC 호르무즈 전면봉쇄 선언(7/12)·미-이란 3주 연속 주말 상호 공습이 트리거; SK하이닉스 나스닥 ADR(7/10 상장) 상장차익 소멸— 미 개인투자자 손실 노출; 나스닥 -1.55% 등 미 반도체 동반 약세,,2,https://www.koreajoongangdaily.com/business/shares-nosedive-almost-9-on-tech-losses-amid-middle-east-tensions/12771250
2026-07-14,안보,美 해군(연합해사정보센터)·트럼프,행정부,,美 이란 전 항만 해상봉쇄 발표(7/14 20:00 GMT 발효)— 국기 불문 전 선박 적용; 한국 원유 70% 호르무즈 경유 직접 노출,미 해군 주도 연합해사정보센터— 7/14 20:00 GMT부 이란 전 항만·연안 해상봉쇄 시행; 국기 불문 모든 선박 적용; 트럼프 '봉쇄' 재개 언급·안전통항료 부과 방침 시사; IRGC 7/12 호르무즈 전면봉쇄 선언·주말 미-이란 상호 공습 3주째 후속; 한국 원유수입 약 70%·LNG 36% 호르무즈/중동 의존; 5월 HMM선 폭발 후 트럼프 'join the mission(한국도 미션 참여할 때)' 공개 압박 전례— 재점화 관찰; 의회 7/13 휴회 복귀로 전쟁권한·동맹 기여 논쟁 국면,,2,https://www.justsecurity.org/146893/early-edition-july-13-2026/
2026-07-15,법안표결,미 상원 민주당,의회,,美 상원 FY2027 NDAA 클로처 부결(7/14; 50-46)— 이란전 항의 당론 저지; 한국 관련 조항 연례 입법 수단 정체,상원 민주당 이란전 항의로 약 1조달러 FY2027 국방수권법 진행 거부— 클로처 50-46 부결(사실상 당론); 백악관 이란 공습 재개 의회 통보(7/13) 다음날; NDAA는 한국 조항 연례 수단— FY26법(P.L.119-60) 주한미군 28;500 하한·OPCON 전환 자금 제한 포함; FY27은 MASGA·군함 RFI 트랙에 필요한 Byrnes-Tollefson 완화 유력 수단(DB 7/10)— 정쟁화·지연 시 일정 리스크; 중간선거 4개월 전 '전쟁의 대리 표결'화,,2,https://www.pbs.org/newshour/politics/watch-live-senate-democrats-block-1-trillion-annual-defense-bill-in-protest-over-iran-war
2026-07-15,안보,트럼프·美 해군(CENTCOM),행정부,,美 이란 해상봉쇄 발효(7/14 16:00 ET= 7/15 05:00 KST)— 호르무즈 20% 통항료는 하루 만에 철회·걸프 무역딜로 대체,이란 봉쇄 작전 7/14 16:00 ET 재개; 전일 발표한 해협 통과 화물 20% 수수료는 트럼프가 하루 만에 걸프 국가 무역·투자 딜로 '대체' 선언— 루비오 '국제 수로 통행료 불가' 공개 표명 후; 한국 원유 약 70% 호르무즈 경유·한국 국적/운용 선박 약 26척 걸프 발묶임(CSIS 집계)— 통항료 철회로 한국 유조선 '통행료 납부' 출구 무산; 정부 전략비축유 스왑 재개·7~8월 도입물량 100%+ 확보; 7/14 행(봉쇄 발표)의 발효 후속— 해상작전 기여 압박 재점화 관찰(5월 'join the mission' 전례),,2,https://www.cnn.com/2026/07/13/economy/trump-hormuz-fee
2026-07-16,통상,강경화(주미대사)·외교부,한국 정부,,강경화 주미대사 일시 귀국(7/14 발표)— 쿠팡 분쟁 장기화 속 안보 팩트시트·OPCON·관세 협의,외교부 7/14 발표— 강경화 주미대사 외교·안보·통상 현안 협의차 일시 귀국; 하원 법사위 보고서(7/1; DB 7/4)발 쿠팡 분쟁이 양자 의제 부담 우려 배경; 협의 의제— 안보 공동 팩트시트·전작권(OPCON) 전환·§122 10% 관세 만료(7/24 ET) 이후 관세 대응; 강 대사 'persisting longer than expected(예상보다 오래 지속)' 언급·양국 '동맹에 부담 안 되게 안정적 관리' 공감; 외교장관-주미대사 이례적 회동 보도(7/15); 의회발 통상압박이 외교 라인 소환으로 파급— §301 완료시한(~7/20)·§122 만료 직전 협상 태세 정비,,2,https://www.upi.com/Top_News/World-News/2026/07/14/kang-kyung-wha-coupang-us-envoy/1141784073647/
2026-07-16,안보,한미연합사령부(CFC),한·미 군,,사상 최대 한미 연합합동지속지원훈련(CJST 2026) 실시(7/13~16; 포항·홍천),격년제 CJST 역대 최대— 병력 4400명+(한국군 약 2400·미군 약 2000)·장비 약 600점(함정·항공기 포함); 포항(경북)·홍천(강원) 일대; 지상·해상·공중 5종 지속지원 자산 통합— 전영역 작전지속능력 강화; 이란전·호르무즈 봉쇄로 미군 전력 분산 국면의 동맹 대비태세 신호; NDAA 정체(DB 7/15) 속 USFK 태세 논쟁(주한미군 28;500 하한·OPCON)의 배경 자산,,1,https://www.upi.com/Top_News/World-News/2026/07/15/korea-US-Korea-Combined-Joint-Sustainment-Training-drill-largest-ever/3741784105679/
2026-07-17,산업,트럼프,행정부,,트럼프 '한국 기업들과 조선 협력 검토' 발언(7/15 ET; 펜실베이니아 국방혁신서밋)— 해군 재건 위해 한국 등 외국 기업 활용·역외 건조 함정 구매 시사,미 육군대학(칼라일 배럭스) Defense and Innovation Summit 연설— 'We're going to probably look at some of these companies that are coming in from Korea and other places; and they're working with us on ships(한국 등지에서 들어오는 기업들을 검토할 것)'; 'buy some ships that are made outside of the area(역외 건조 함정 구매)' 언급— 범위 불명확; 6월 G7·7/7 NATO 만찬 이재명 회동 및 국방부·해군 RFI(DB 7/10) 후속의 일관된 최고위 신호; NDAA 정체(DB 7/15) 속 Byrnes-Tollefson 완화 의제 유지— 입법경로 관찰; 연설장이 한화 필리조선소 소재 PA주,,2,https://www.koreatimes.co.kr/world/20260716/trump-says-us-will-look-at-korean-other-firms-for-shipbuilding-cooperation-to-strengthen-navy
2026-07-17,안보,진영승·댄 케인·우치쿠라 히로아키(한미일 합참의장),한·미·일 군,,제23차 한미일 합참의장회의(Tri-CHOD) 워싱턴 개최(7/15 ET)— 북 핵·미사일 위협 대응 3국 안보협력 재확인,진영승 합참의장·댄 케인 미 합참의장·우치쿠라 히로아키 일 통합막료장— 'trilateral security cooperation is crucial(3국 안보협력이 긴요)' 공동 재확인; 북 핵·미사일 위협·한반도/인도태평양 역내 도전 대응 명시; 차기 회의 2027년 일본 주최; 이란전·호르무즈 봉쇄로 미 전력 분산 국면의 대북 억제 연속성 신호; NDAA 정체(DB 7/15)·주한미군 28;500 하한·OPCON 논쟁의 배경,,2,https://www.koreatimes.co.kr/foreignaffairs/20260716/top-military-officers-of-s-korea-us-japan-reaffirm-3-way-cooperation-against-nk-threats
2026-07-17,북한,왕후닝·조용원,중국/북한,,왕후닝 방북(7/15~17)— 조용원 노동당 비서와 회담; 조중 우호조약 65주년 계기 관계 격상 재확인,중국 서열 4위 왕후닝(정협 주석) 당·정 대표단 3일간 방북— 조중 우호협력상호원조조약 65주년; 조용원과 회담— 6월 평양 시진핑-김정은 정상회담 합의 따라 양국관계 'to a higher level(더 높은 수준)' 격상 재확인; 북러 밀착 속 북중 관리 신호— 대북 제재 공조 균열 심화 맥락(Foreign Policy 7/16 분석); 미 의회 대북 제재 강경파 논거 관찰,,1,https://www.upi.com/Top_News/World-News/2026/07/16/China-Wang-Huning-adviser-meeting-Jo-Yong-Won-North-Korea-talks/1311784187128/
2026-07-18,북한,조선중앙통신(KCNA),북한,,"KCNA 한국 'puppet(괴뢰)' 지칭(7/17)— RIMPAC 첫 해상구성군 지휘 비난·""unpredictable escalation(예측불가 격화)"" 경고",KCNA 금요일 논평— 한국의 사상 첫 RIMPAC 해상구성군 지휘 비난; RIMPAC은 '가상 적 대상 통상훈련' 아닌 인도태평양 겨냥 '전쟁 시위' 규정; 한·미가 'unpredictable escalation' 책임져야 경고; USS 에식스발 한미 해병 연합훈련의 '적 후방 종심 침투' 모의도 비난; 한국 CMC 지휘 호평(DB 7/13)에 대한 반발,,1,https://www.staradvertiser.com/2026/07/17/breaking-news/n-korea-calls-seoul-a-puppet-for-role-in-rimpac-exercises-off-hawaii/
2026-07-18,북한,중국·북한,중국/북한,,플래닛랩스 위성— 중국 압록강 인근 대북 은밀 물자수송 재개 정황(AEI 7/14 업데이트),Planet Labs 위성사진— 압록강 인근 지점들서 중국의 대북 은밀 수송 재개 정황; 주요 고속도로 공사 인접— 베이징 인지·승인 가능성 시사; 데일리NK— 6월 시진핑-김정은 정상회담 후 단둥-신의주 화물트럭 급증·1~5월 교역 +17.6%(수입 +62.4%); 왕후닝 방북(DB 7/17)과 함께 제재 공조 균열 물증— 의회 대북 제재 강경파 논거,,1,https://www.aei.org/articles/korean-peninsula-update-july-14-2026/
2026-07-18,산업,미 해군·HD현대중공업/한화오션,미·한 정부/기업,,美 울산·거제 현지 군함 건조 검토 보도(서울경제 7/16)— MASGA 본격화,서울경제 영문판— 미국이 HD현대중공업 울산·한화오션 거제 조선소 현지 군함 직접 건조 검토; 트럼프 7/15 '한국 기업 검토·역외 건조 함정 구매' 발언(DB 7/17)의 구체화 보도; 역외 건조엔 Byrnes-Tollefson법 완화 필요— 정체 중 FY2027 NDAA(DB 7/15)가 입법 수단; 국방부·해군 RFI(DB 7/10) 트랙 연속,,1,https://en.sedaily.com/finance/2026/07/16/masga-sets-sail-as-us-weighs-building-warships-in-ulsan
2026-07-19,안보,IRGC·이란/한국 정부,이란/한국 정부,,호르무즈 남측 '기뢰 해역' 유조선 2척 폭발(7/18)— 이란 해협 폐쇄 위협 지속; 한국 14번째 유조선 홍해 우회 통과,IRNA— 7/18 자정께 호르무즈 남측 기뢰 부설 해역 통과 중 유조선 2척 화재·폭발(IRGC 주장); 이란 해협 폐쇄 위협 재천명; 한국 정부 중동 항로 우회 지속— 14번째 한국 유조선 홍해 경유 통과 성공; 미 해상봉쇄(DB 7/15) 국면 확전 리스크; 한국 원유 약 70% 호르무즈 의존— 5월 'join the mission' 압박 재점화 관찰,,1,https://www.koreajoongangdaily.com/world/iran-threatens-to-close-strait-of-hormuz-following-claims-of-tanker-explosion/12779089
2026-07-19,인사,강경화(주미대사)·Michelle Steel(주한대사),한·미 정부,,'두 대사의 교차'— 강경화 서울 협의·Steel 부임 임박(KJD 7/17 분석)— 쿠팡·관세·콘텐츠법·북핵 의제 산적,KJD 분석— 강경화 주미대사 서울 협의 중; Steel 차기 주한대사 곧 부임— 1년 반 공석 해소; 의제— 쿠팡 분쟁(백악관·의회 개입); §122 10% 관세 7/24 만료; 한국 콘텐츠법(미 국무부 표현의 자유 비판); 북핵 외교; §301 완료시한(7/20) 직전 양국 대사 라인 동시 재정비,,1,https://www.koreajoongangdaily.com/korea/a-tale-of-two-envoys-kang-kyungwha-back-in-seoul-and-new-us-ambassador-to-arrive-soon-as-key-alliance-tasks-await/12774085
2026-07-19,북한,북한 외무성/KCNA,북한,,북 NATO 정상회의·한-NATO 협력 비난(7/10~11)— '비핵화는 미 동맹국부터' 주장·핵무력 질량 강화 조치 결정,KCNA(7/10 금)— 핵무력 '질적·양적(quantitatively and qualitatively)' 강화 조치 결정 보도; 7/11(토) 성명— NATO 정상회의 후 미·동맹 군사블록 강화·군비증강 규탄; '비핵화는 한·일의 미 핵우산하 핵추구·NATO 핵공유부터' 주장— 자국 비핵화 논의 '불가역적 종결' 재천명; 한·미·일 외교장관 비핵화 재확인(DB 7/9) 반발,,1,https://www.usnews.com/news/world/articles/2026-07-10/north-korea-condemns-us-allies-after-nato-summit-vows-to-safeguard-sovereignty
2026-07-19,북한,우크라이나 국방정보국(HUR),우크라이나 정보당국,,우크라 정보당국— 북한이 러시아 포병탄약 소요의 25~40% 공급(7/8 보도)— 군사협력 '체계화' 평가,HUR 평가— 북 러시아 포병탄약 소요 25~40% 공급; 2023년 6월 이후 탄도미사일 100발+·포병체계 600문·탄약 약 700만발 인도; 북 연간 포탄 100만~200만발 생산능력(월 최소 3만~5만발); 협력 '체계적(systemic)' 규정; 미 의회 대북제재·주한미군 태세 논거— NDAA 시즌 관찰,,2,https://www.kyivpost.com/post/79862
2026-07-20,산업,러셀 보트(OMB 국장)·데이브 매코믹 상원의원/한화 필리조선소,행정부·의회/한화,PA,한화 필리조선소 '골든 디펜더' 미사일 계측함 수주 발표(7/17 ET)— 골든돔 지원 MDA 계측함+MARAD NSMV 약 $15억 추가 건조,보트 OMB 국장 필라델피아 조선소 기념식(7/17) 발표— NSMV 설계 기반 미사일 계측함 '골든 디펜더' 건조; MDA 임무 수행(골든돔 지원); TOTE Services 건조관리; 노후 SS Pacific Tracker/Collector 대체; 보트 'These are U.S. shipyards. These are U.S. ships; and these are U.S. jobs(미국 조선소·미국 함정·미국 일자리)'; 매코믹(R-PA) 의원실— MARAD NSMV 사업 약 $15억·일자리 2000+(PA 국방혁신서밋 7/14~15 연계); RFI(DB 7/10)·트럼프 발언(DB 7/17) 트랙 첫 실물 발주 구체화— 한국 자본의 미국 내 건조 경로,,2,https://news.usni.org/2026/07/17/philly-shipyard-to-build-golden-defender-ship-as-part-of-new-missile-defense-program
2026-07-21,북한,북한군/RFA 시각조사,북한,,RFA 시각조사— 개성 이남 DMZ 인근 '드라이브스루' 격납고 21동 신축 확인(7/16 보도)— 서울 겨냥 로켓·미사일 인프라 추정,RFA 위성 시각조사— 2023~2025년 초 개성 이남 북한군 소규모 기지들에 길이 약 52m 균일 드라이브스루 격납고 최소 21동 신축; DMZ 북방 수 km·서울에서 약 52km; 갈골 미사일 운용기지 시설과 유사— TEL·MLRS 정비·저장 추정; 유사시 서울 등 남한 도시 초기 타격 전진 인프라 가능성; KJD 등 7/17~18 후속 보도; NDAA 주한미군 태세·확장억제 논쟁 논거 관찰,,1,https://www.rfa.org/english/korea/2026/07/16/north-korea-rocket-shelter-buildings/
2026-07-22,산업,김정관(산업통상자원부 장관)·하워드 러트닉(美 상무장관),한·미 정부,,김정관 산업장관 방미 출국(7/22)— 한미 조선협력센터(KUSPC) 워싱턴 개소식(7/23) 참석·대미 투자 1호 프로젝트 최종 조율; 쿠팡 분쟁 '와일드카드' 부상,7/22 출국·7/24 귀국; 7/23 워싱턴 KUSPC 개소식— 5월 출범 KUSPI 이행 현지 거점(투자유치·인력양성·조선소 생산성·기술교류); 러트닉 상무장관 참석 예정; 대미 투자 1호 프로젝트(조선·에너지 유력) 최종 조율 목표; 하원 법사위발 쿠팡 분쟁이 협상 변수— 의제 통상 전반 확장 전망; §122 10% 관세 만료(7/24 ET) 직전·§301 최종조치 미발표 국면; 강경화 귀국 협의(DB 7/16)·MASGA/RFI 트랙(DB 7/10; 7/17)의 제도화 후속,,2,https://www.koreaherald.com/article/10812747
2026-07-22,북한,최선희(북한 외무상)·세르게이 라브로프(러시아 외무장관),북한/러시아,,북러 외무장관 제3차 전략대화 모스크바 개최(7/20; KCNA 7/21)— 최선희 푸틴 예방; 미국의 한반도 정세 불안정화 비난,포괄적 전략동반자 조약 이행·고위급 교류·국제무대 외교 공조 협의; '토의된 모든 문제에서 견해일치(reached a consensus on all the issues brought up for discussion)'; 최선희 7/17 도착·7/19 크렘린 푸틴 예방; 쿠르스크 파병(약 1만4000명)·탄약 공급(DB 7/19) 등 북러 밀착 심화 맥락— 의회 대북 제재 강경파·NDAA 주한미군 태세 논거,,1,https://www.koreatimes.co.kr/foreignaffairs/20260721/n-korean-fm-holds-strategic-dialogue-with-russian-counterpart-meets-putin-kcna
2026-07-23,안보,조현·마코 루비오·모테기 도시미쓰(한미일 외교장관),한·미·일 정부,,한미일 외교장관회담 마닐라 개최(7/22)— 비핵화 원칙·강력한 대북 억제 태세 재확인,ASEAN/ARF 외교장관회의 계기 마닐라 회동(7/22)— '비핵화 원칙에 대한 공약 재확인(reaffirming their commitment to the principle of denuclearization)'·강력한 대북 억제(robust deterrence) 유지 의지; 의제— 한반도·중동·SMR·사이버범죄 공조; 대화·외교 통한 평화 유지 공조 지속 합의; 같은 계기 루비오-왕이 회동(이란 격화 후 첫 미중 고위접촉); 북중러 밀착(최선희 방러 DB 7/22)·미 전력 이란 분산 국면 3국 공조 신호; 올해 첫 회담(7/8 앙카라; DB 7/9) 후속,,2,https://www.upi.com/Top_News/World-News/2026/07/22/korea-US-Korea-Jaoan-diplomats-trilateral-meeting-Manila-security/1571784704197/
2026-07-23,통상,USTR(미 무역대표부),행정부,,§301 '강제노동' 관세 금주 발표 임박 보도(블룸버그; 7/22)— 한국 12.5% 배정·§122 만료(7/24)와 공백 없이 연결 방침,블룸버그(서울경제 경유 7/22)— USTR 금주 내 국가별 §301 강제노동 관세율 발표 예정; 한국 제안 세율 12.5%(정부 7/9 ET 공청회 '부당(unjustified)' 증언; DB 7/11); §122 10% 글로벌 관세 150일 상한 도달로 7/24 만료— 금주 발표 시 두 조치 간 공백 방지 구도; 관건— 강제노동·과잉생산 §301 합산 세율의 2025년 11월 합의 15% 상한 초과 여부; 김정관 방미(DB 7/22)·KUSPC 개소식(7/23)과 동주간— 협상 창 중첩,,2,https://en.sedaily.com/international/2026/07/22/us-to-announce-section-301-forced-labor-tariffs-this-week
2026-07-24,법안표결,미 하원,의회,,FY2027 NDAA 하원 통과(7/22 ET; 216-212; $1.15조)— 주한미군 28500명 감축 자금 제한 강화·해외 건조 전투함 조달 자금 금지(골든 수정안),하원 216-212 통과; USFK 조항 강화— NDAA 승인 자금뿐 아니라 'FY2026·2027 달리 가용한(otherwise made available)' 자금도 28500명 이하 감축 사용 금지; 확장억제 '전 범위(full range)' 공약 재확인; 골든(D-ME-02) 수정안— 해외 조선소 건조 전투함(battle force ships) 조달 계약 자금 금지; 단 'sense of Congress'로 한국 협력 지지·동맹 조선소 역량 통합 평가 약 $18.5억; 보조함 해외 건조 일부 허용한 상원(SASC)안과 컨퍼런스 관찰; HASC 초안(DB 7/20)의 본회의 확정,,3,https://www.koreatimes.co.kr/southkorea/defense/20260723/house-passes-defense-bill-with-stronger-language-on-maintaining-us-troops-in-korea
2026-07-24,통상,USTR·제이미슨 그리어(미 무역대표),행정부,,§301 '강제노동' 관세 최종 조치 발표(7/23 ET)— 60개 경제권; 한국은 EU·일본·대만·스위스와 비면제 품목 'MFN 차감 10% 또는 12.5%' 그룹; §122 만료(7/24)와 무공백 연결,USTR 최종 조치— 수입금지 시행·약속국 10%; 그 외 12.5%; EU·대만·일본·한국·스위스는 비면제 특정 품목에 MFN 차감(net of MFN) 10% 또는 12.5%; 원자재·공급차질 품목 면제; §122 10% 글로벌 관세 만료(7/24)와 공백 없이 연결— DB 7/23 예고 확정; 관건— 2025년 11월 합의 15% 상한 실질 저촉 여부(정부·증권가 '영향 제한적' 평가); 한국 '12.5% 부당' 증언(DB 7/11) 후속; 연방관보 세부 확인 필요,,3,https://ustr.gov/about/policy-offices/press-office/press-releases/2026/july/ustr-takes-action-forced-labor-section-301-investigations
2026-07-24,산업,김정관(산업장관)·하워드 러트닉(미 상무장관),한·미 정부,,한미 조선협력센터(KUSPC) 워싱턴 개소식 개최(7/23)— 러트닉 참석; KRISO·KIAT-텍사스A&M MOU; 김 장관 '1호 투자 프로젝트 이르면 8월 말 발표',KUSPI(5월 출범) 이행 현지 거점 개소— 투자유치·인력양성·조선소 생산성·기술교류; 러트닉·김정관·3대 조선사(HD한국조선해양·삼성중공업·한화오션) 경영진 참석; KRISO·KIAT-텍사스A&M 기술협력 MOU; 김 장관— 1호 투자 프로젝트(조선·에너지 유력) '이르면 다음달 말' 공개 전망; 방미(DB 7/22)·개소 예고(DB 7/23) 후속— 하원 해외 건조 금지(동일자 DB) 국면 속 미국 내 건조 라우팅 거점,PA 상원(McCormick 서사),2,https://www.koreatimes.co.kr/foreignaffairs/20260723/korea-us-expected-to-unveil-1st-investment-project-as-early-as-late-next-month-industry-minister
2026-07-24,북한,정동영(통일부 장관),한국 정부,,한국 '비핵화 우선' 폐기 공식화— '평화 우선(peace-first)' 대북정책 전환 발표(7/23),정동영— 이재명 정부 대북정책 '비핵화 우선'→'평화 우선' 전환 공식화; 동결→감축→비핵화 3단계; 신규 핵무기 생산 중단 시 상응 조치 전략 구체화 중; '미·중도 비핵화 우선 폐기' 주장— 빅터 차 '실패한 전략' 발언 인용; 한미일 외교장관 '비핵화 원칙' 재확인(7/22; DB 7/23) 익일 발표— 서울-워싱턴 순서 격차 가시화; 의회 대북 강경파·청문회 반응 관찰,,2,https://www.koreajoongangdaily.com/korea/south-korea-shifts-to-peacefirst-north-korea-policy-dropping-denuclearization-as-precondition-for-talks/12788809
2026-07-24,북한,미 국무부,행정부,,미 국무부 북한 여행금지 10년째 연장(연방관보 7/20 게재)— 2027-08-31까지,연방관보 고시— 미국 여권 북한 여행 금지 1년 연장(2017년 웜비어 사망 후 도입 이래 10년 연속); '체포·장기억류의 중대한 위험' 지속 판단; 관례적 연장— 정책 변화 없음,,1,https://www.nknews.org/2026/07/us-renews-north-korea-travel-ban-for-10th-year/
2026-07-25,통상,산업통상자원부·USTR,한·미 정부,,§301 강제노동 관세 발효(7/24 00:01 ET; 한국 12.5%)— 정부 '美 15% 총관세 상한 준수 재확인' 발표,산업통상자원부— 강제노동 §301·과잉생산 §301 합산 세율의 2025년 11월 합의 15% 상한 초과 불가 입장 전달; 미측 '기존 무역합의 준수' 재확인; 60개 경제권 10~12.5% 7/24 00:01 ET 발효(미 수입액 약 99.4% 커버)— §122 만료와 무공백 연결(DB 7/24 최종조치 후속); 7/28 이전 반입 운송중 화물 면제; 과잉생산 §301 별도 조사 합산 시 15% 실질 준수 여부 관찰,,2,https://www.koreatimes.co.kr/amp/foreignaffairs/20260724/korea-says-us-to-honor-15-tariff-cap-regarding-new-section-301-duties
2026-07-25,통상,미 재무부,행정부,,美 재무부 환율보고서— 한국 관찰대상국 4회 연속 유지(7/24),재무부 반기 환율보고서— 원화 지속 약세가 '견조한 경제 펀더멘털과 불일치(inconsistent with the country's strong economic fundamentals)' 지적; 환율조작국 지정 없음; 4회 연속 관찰대상국; §301 12.5% 발효·15% 상한 협의(동일자 DB)와 동주간 통상 마찰 변수,,2,https://www.upi.com/Top_News/World-News/2026/07/24/united-states-keeps-skorea-currency-monitoring-list/2071784929999/
2026-07-25,인사,미셸 스틸(주한대사),미 행정부,,미셸 스틸 주한대사 '다음 주 서울 부임' 발표(7/24; KUSPC 개소식 계기)— 약 1년 반 공석 해소 임박,스틸 대사(6/17 상원 인준) 워싱턴 KUSPC 개소식 참석 계기 연합뉴스 질의 답변— 다음 주 서울 출국; 'strengthening the Seoul-Washington alliance as her top priority(한미동맹 강화가 최우선)'; 전 공화당 하원의원(CA-45)— 한인 정치인 트랙; '두 대사의 교차'(DB 7/19) 완결 수순— 쿠팡·관세·북핵 의제 산적 국면 부임,,1,https://www.koreajoongangdaily.com/korea/new-us-ambassador-steel-says-she-will-depart-for-korea-next-week/12789662
2026-07-25,법안표결,존 튠(상원 원내대표)·상원,의회,,상원 FY2027 NDAA(S.4784) 재정체— 튠 진행동의 제출 후 당일 철회(7/23),튠 7/23 오전 10:13 S.4784 진행동의 제출 후 오후 2:50 철회— 7/14 클로처 부결(50-46; DB 7/15) 이후 재시도 불발; 상원 본회의 일정 불투명; 하원 통과본(7/22; USFK 28500 하한·해외건조 전투함 금지; DB 7/24)과의 컨퍼런스 지연 리스크; 상원 잔여 회기 ~8/6-7 내 처리 여부 관찰,,1,https://www.dailypress.senate.gov/thursday-july-23-2026/
2026-07-27,북한,볼로디미르 젤렌스키(우크라이나 대통령),우크라이나 정부,,젤렌스키— 러시아; 북한군 3만 추가 수용 준비(보로네시주)·북 탄도미사일 발사대 추가 이전 준비(7/25 X 게시),'Russia wants to receive another 30000 troops from North Korea(러시아가 북한군 3만을 추가로 받으려 한다)'— 6월부터 보로네시주 수용 준비; 북 탄도미사일 발사대 추가 이전 준비 주장; 'a threat to everyone in Asia who is within range of North Korean missiles(북 미사일 사거리 내 아시아 모두에 대한 위협)' 경고; 최선희 방러·푸틴 예방(DB 7/22) 직후— 기존 쿠르스크 파병 약 2만(전선 1만4000) 대폭 확대 가능성; 미 의회 대북 제재 강경파·NDAA 주한미군 태세 논거 관찰,,2,https://www.koreatimes.co.kr/foreignaffairs/northkorea/20260726/russia-preparing-to-receive-another-30000-n-korean-troops-for-ukraine-war-zelenskyy
2026-07-27,통상,여한구(통상교섭본부장)·빌 해거티·에이드리언 스미스,한국 정부/미 의회,,여한구 방미(7/21~24)— 상·하원 의원 10인 면담 '한국 디지털 정책; 미 기업 차별 아냐'— 쿠팡 논란 진화(7/25 보도),해거티(R-TN)·스미스(하원 세입위 무역소위원장) 등 10인 면담— 한국 디지털 법·정책 미 기업 비차별 설명; 하원 법사위 7월 초 '차별' 보고서(쿠팡 'harassment campaign' 규정)에 주미대사관 반박 서한; 구글·애플·AWS·퀄컴·일라이릴리·메트라이프·GM 면담; 쿠팡 3700만명 정보유출 $4억+ 과징금 배경; §301 15% 상한 협의·1호 투자 프로젝트(DB 7/22; 7/24)와 얽힌 와일드카드,,2,https://en.sedaily.com/finance/2026/07/25/yeo-han-koo-tells-10-us-lawmakers-korea-does-not
2026-07-27,선거연계,영 김(Young Kim; R-CA-40),미 의회(공화),CA-40,영 김 하원 외교위 동아태소위원장— 초당파 CODEL 하와이 RIMPAC 참관(7/21 보도자료),에드 케이스(D-HI-01) 주도 초당파 하원 대표단— 헝 카오 해군장관대행·파파로 INDOPACOM 사령관 동행; 세계 최대 다국적 해상훈련 RIMPAC 참관; 한국 사상 첫 해상구성군사령부(CMC) 지휘 회차(DB 7/13)와 접점— 한미 해군 협력 서사; 한국계 현역(공화)의 경합 선거구 안보 행보,CA-40,1,https://youngkim.house.gov/2026/07/21/east-asia-and-pacific-chair-young-kim-joins-congressional-delegation-to-hawaii/
2026-07-27,북한,NK News(분석)/이재명 정부·북한,언론/한·북,,NK News 분석— 이재명 정부 대북정책 '리셋'; 필요를 못 느끼는 평양에 발목,확성기 중단·전단 제한 등 긴장완화에도 북 대화 재개 무관심— 서울 제안 거부·'대결 정책' 비난; 공식 용어 '북한 비핵화' 삭제→'핵 없는 한반도' 대체; '평화 우선' 공식화(DB 7/24) 후속 분석— 평양 무반응이 실효성 제약; 한미일 '비핵화' 재확인(DB 7/23)과의 표현 격차 지속— 미 의회 강경파 '유화책 무용론' 논거 가능,,1,https://www.nknews.org/2026/07/lees-north-korea-policy-reset-waits-on-a-pyongyang-that-sees-no-need/
2026-07-28,법안표결,존 튠(상원 원내대표)·상원,의회,,상원 FY2027 NDAA(S.4784) 클로처 재부결(7/27 ET; 50-46)— 7/14에 이은 두 번째 표결 불발; 하원 통과 한국 조항 컨퍼런스 지연 심화,상원 7/27 진행동의 클로처 50-46 부결(60표 미달; 사실상 당론)— 튠 재의동의 위해 '반대' 전환; 불참— 페터먼·저스티스·매코널·파디야; 7/14 부결(50-46; DB 7/15)·7/23 제출-철회(DB 7/25) 후속; 하원 통과본 한국 조항(USFK 28500 자금 하한— NDAA 외 자금 포함; 해외 건조 전투함 조달 금지; DB 7/24) 컨퍼런스 진입 불가 지속; 상원 잔여 회기 ~8/6-7 내 처리 여부 관찰,,2,https://www.senate.gov/legislative/LIS/roll_call_votes/vote1192/vote_119_2_00195.htm
2026-07-28,북한,김여정(노동당 중앙위 부부장),북한,,김여정— ASEAN ARF 의장성명 '비핵화' 촉구에 '어리석고 미련한(stupid and foolish)' 담화(7/27 KCNA),제33차 ARF 의장성명 북핵 '중대 우려(grave concern)'에 반박— '한반도 비핵화' 고수는 'a failure in strategic thinking and logic and a manifestation of a stupid and foolish wild dream(전략적 사고와 논리의 실패이자 어리석고 미련한 헛된 꿈의 발로)'; ASEAN 'hired mouthpiece for the US(미국의 고용된 대변자)' 오용 경고; 러시아 마닐라 계기 북 핵보유 옹호 직후; 한미일 '비핵화 원칙' 재확인(7/22; DB 7/23)·서울 '평화 우선'(DB 7/24)과의 격차 노출— 의회 강경파 논거,,2,https://www.nknews.org/2026/07/kim-yo-jong-lambasts-stupid-denuclearization-calls-by-asean-forum/
2026-07-28,북한,김정은·김주애,북한,,김정은 정전협정 73주년 참배— 딸 주애 첫 동행(7/27),정전 73주년 계기 전사자 묘역 참배·참전용사 면담·'위대한 승리' 서사 반복; 주애 기념행사 동행— 의전 대형 중앙 배치 등 공개 위상 상승; 후계 신호 연속선— 북한 '장기·세습 핵위협' 규정 의회 논쟁 배경,,1,https://www.nbcnews.com/world/north-korea/kim-jong-un-marks-war-anniversary-daughter-side-rcna589390
2026-07-28,인사,미셸 스틸(주한대사),미 행정부,,스틸 주한대사 7/30(목) 서울 도착 예정(7/27 보도)— 약 1년 반 공석 해소; 신임장 사본 제출 이르면 다음 주,서울 소식통(7/27)— 목요일(7/30) 도착; 신임장 사본 제출은 조현 외교장관 남미 순방(이재명 대통령 수행) 귀국 후 이르면 다음 주; 2025년 1월 골드버그 이임 후 공석; 성 김 이은 두 번째 한국계 주한대사; '한미동맹 강화 최우선(top priority)' 재확인; 대미 투자·15% 관세 상한·민수 원자력·핵추진잠수함·동맹 현대화 의제 산적 국면; DB 7/25(출국 발표) 후속,,1,https://www.koreajoongangdaily.com/korea/new-us-envoy-steel-to-arrive-in-seoul-amid-pileup-of-bilateral-issues/12794100
2026-07-29,북한,주유엔 미국대표부,행정부,,美 유엔 1718위원회에 대북제재 위반 선박 7척 추가 지정 신청(7/27 ET)— 지정 대기 총 14척,작년 12월 1차에 이은 2차 공식 동의안— Open Source Centre 조사 인용(UNSCR 2371 위반; 북한산 석탄·철광석 운송); 지정 대기 총 14척— 한국이 3월 억류한 화물선 포함; OSTROV ANTSIFEROVA(IMO 9178070)·EVERSUN(IMO 8356962) 등; 1718위원회 정체 속 중·러 저지 여부 관찰— 오늘자 무역 반등 데이터(동일자 DB)와 함께 집행 압박 서사,,2,https://www.nknews.org/2026/07/us-seeks-un-blacklist-for-7-vessels-tied-to-sanctioned-north-korea-trade/
2026-07-29,북한,김정은/이재명,북한/한국 정부,,김정은 전승절 73주년 행사서 '반제반미 대결전 승리' 다짐(KCNA)— 이재명은 워싱턴 참전용사 기념식 대독 연설로 한미동맹 공고화 다짐,KCNA— 조국해방전쟁승리기념관 방문 뒤 'become honorable victors in the anti-imperialist; anti-U.S. showdown(반제반미 대결전의 영예로운 승리자)' 다짐; 올해 V-Day 행사 중국 참전 지원 이례적 부각(북러 밀착 국면); 이재명— 워싱턴 한국전 참전용사 기념식 대독 연설서 동맹 공고화·자유와 평화 수호 다짐; 김정은 참배·주애 동행(DB 7/28) 후속— 담화·중국 부각 신규,,1,https://www.yahoo.com/news/articles/north-koreas-kim-vows-win-220633686.html
2026-07-29,북한,북한/중국,북한/중국,,북한 2025년 대외무역 반등— 대중국 의존도 사상 최고 수준 근접(NK News 데이터 분석; 7/28),북중 무역 전년 대비 25% 증가 $27.3억— 팬데믹 전 2019년($27.9억) 수준 근접 회복; 대중 의존도 사상 최고 수준 근접; 아시아 중심 교역에 유럽·아프리카 일부 유지; 중국 생명선 통한 제재 실효성 약화 서사— 강경파(집행 강화; 동일자 선박 지정 신청)·회의론(제재 한계) 양측 논거,,1,https://www.nknews.org/2026/07/north-koreas-trade-rebounds-as-reliance-on-china-reaches-near-record-high/
2026-07-30,인사,미셸 스틸(주한대사),미 행정부,,스틸 주한대사 서울 도착일(7/30 오후 3:20 인천; LA발)— 약 1년 반 공석 종지부·트럼프 2기 첫 주한대사 부임,7/30 오후 3:20 인천공항 도착 예정 보도(7/29); 2025년 1월 골드버그 이임 후 약 1년 반 공석 해소; 트럼프 복귀 후 첫 부임·성 김 이은 두 번째 한국계 주한대사; 신임장 사본 제출은 조현 외교장관 남미 순방(이재명 대통령 수행) 귀국 후 이르면 다음 주; 당면 의제— 쿠팡 분쟁(하원 법사위 보고서)·§301 15% 상한·대미 투자 1호 프로젝트·북핵·핵추진잠수함; 전 공화당 하원의원(CA)— 한인 정치인 트랙; DB 7/25(출국 발표)·7/28(도착 예정) 후속 완결,,1,https://www.koreatimes.co.kr/foreignaffairs/20260729/new-us-top-envoy-to-arrive-in-seoul-thursday-faces-coupang-n-korea-tests
2026-07-30,북한,블라디미르 푸틴·안드레이 포델리셰프(신임 주북 러시아대사),러시아,,푸틴— 신임 주북 러시아대사에 '한국통' 포델리셰프 임명(7/28 대통령령)— 마체고라 사망 후 약 8개월 공석 해소,푸틴 7/28(화) 대통령령— 주나이지리아 대사(2024년 12월~) 포델리셰프를 주북대사로 임명·나이지리아직 해임; 마체고라 장기 재임 대사 사망 후 약 8개월 공석 종지부; 한국 전문 외교관('Korea specialist'); 부임 시점 미정; 북러 밀착 국면(파병 확대 준비 DB 7/27; 최선희 방러 DB 7/22) 속 평양 주재 라인 정비— 관계 관리 강화 신호; 미 의회 대북 제재 강경론·NDAA 논쟁 배경 변수,,1,https://www.nknews.org/2026/07/russia-picks-new-ambassador-to-north-korea-months-after-longtime-envoys-death/
2026-07-31,인사,미셸 스틸(주한대사),미 행정부,,스틸 주한대사 서울 도착·첫 메시지(7/30)— '철통같은(ironclad) 동맹' 강화 다짐; 약 1년 반 공석 실제 종결,인천공항 7/30 오후 도착— 'born in Seoul(서울에서 태어나)' 이제 'to represent the United States(미국을 대표해)' 한국 국민 앞에 섰다고 소개; 'one of the strongest alliances in the world(세계에서 가장 강력한 동맹의 하나)' 강화 다짐— 트럼프 구상 이행 명시; 공항 주변 환영·반대 시위 병존; 신임장 사본 제출은 조현 외교장관 귀국 후 이르면 다음 주; 쿠팡 분쟁·15% 상한·1호 투자 프로젝트·북핵 현안 산적 국면 부임; DB 7/25(출국 발표)·7/28(도착 예정)·7/30(도착일) 후속 완결,,1,https://www.koreatimes.co.kr/foreignaffairs/20260730/new-us-envoy-vows-to-advance-trumps-vision-for-ironclad-korea-alliance
2026-07-31,산업,한화 필리조선소(Hanwha Philly Shipyard)·한화시스템즈,한화(기업),PA,한화 필리조선소— 한국산 강재·중국 건조 선박(HMM Nabi) 운송 기자재 반입하며 미국 내 건조 본격화; 2분기 적자 $1500만으로 축소(7/29 실적; 7/30 보도),필라델피아 항만 노동자들 금주 HMM Nabi(중국 건조)에서 연료탱크 등 수입 기자재 하역— 미국 항로 미국 건조 선박 의무(존스법 체계) 하 한화 착공 선박 투입; 한화시스템즈 투자자 설명(7/29)— 2분기 손실 약 $1500만(직전 분기 $3300만·전년 $2200만 대비 축소)·매출 $1.6억(분기 +40%·전년 +50%); MASGA·KUSPC(DB 7/24) 현장 이행 지표— '미국 건조'의 한국산 강재·중국 물류 의존 구조는 하원 해외 건조 금지 조항(DB 7/24) 논쟁 소재 가능,PA 상원(McCormick 서사),1,https://www.inquirer.com/business/hanwha-philly-shipyard-fuel-steel-imports-american-ships-20260730.html
2026-07-31,산업,KEI(한미경제연구소)/삼성중공업,싱크탱크/기업,,KEI Q2 2026 한미 무역·투자 대장(Ledger) 발간(7/30)— 삼성중공업 루이지애나 $29억 FLNG 미국 첫 수주 등 에너지·AI·방산 투자 확산 정리,새 관세 프레임워크 하 한국 투자의 전략 부문(에너지·AI·방산) 확산 패턴 정리— 삼성중공업 컨소시엄 루이지애나 연안 $29억 부유식 LNG(FLNG) 프로젝트 수주(미국 내 최초 사례); AI 데이터센터 전력망·SMR 협력이 후속 파트너십 틀 전망; $250B/$350B 투자 약정 분기 이행 실적 축적— '1호 투자 프로젝트' 8월 말 발표(DB 7/24) 전 배경 지표,,1,https://keia.org/analysis/q2-2026-u-s-south-korea-trade-and-investment-ledger/
2026-08-01,북한,한국은행(BOK),한국 정부,,한은— 북한 2025년 실질 GDP +3.5%(7/31 발표)— 3년 연속 3%대 성장; 러 무기거래·중국 무역이 견인,2024년 +3.7%에서 소폭 둔화하나 2017년 제재 강화 이후 최강 성장 국면 3년째; 실질 GDP 2017년 수준 첫 회복; 남북교역 제외 무역액 16% 증가 $31.3억; 수출 30% 증가 $4.7억(가발·조제 우모·완구류); 러시아 관광객 급증— 숙박·요식·운송 부양; 대중 무역 반등(DB 7/29)·선박 추가 지정 신청(DB 7/29)에 이어 '제재 실효성 약화' 서사를 공식 통계로 뒷받침— 의회 강경파(집행 강화)·회의론(제재 한계) 양측 논거,,2,https://www.koreatimes.co.kr/amp/foreignaffairs/northkorea/20260731/n-korean-economy-grows-over-3-for-3rd-consecutive-year-in-2025-bok
2026-08-01,인사,세라 로저스(USAGM 국장 지명자),행정부,,USAGM 국장 지명자 세라 로저스 상원 외교위 인준청문회(7/30)— 대북 라디오 방송의 탈북민 영향 부각,모두발언— 'In Seoul; North Korean defectors told me that snippets of American radio were the first hints they heard of another kind of life(서울에서 만난 탈북민들은 미국 라디오의 단편들이 다른 종류의 삶이 있다는 첫 신호였다고 말했다)'; 'These defectors risked torture and risked death(고문과 죽음을 무릅쓰고 탈출했다)'; 현 국무부 공공외교 차관— VOA·RFA 관할 USAGM 수장 인준 시 대북 정보 유입(방송) 유지·강화 신호— 감축 논란 겪은 대북 방송 정책 방향 지표,,2,https://www.nknews.org/2026/07/radio-broadcasts-to-north-korea-important-for-would-be-defectors-us-official/
2026-08-02,북한,볼로디미르 젤렌스키(우크라이나 대통령)/러시아군·북한,우크라이나/러시아·북한,,러시아— 크리비리흐 인근 마을 야간 공격에 북한 KN-23/24 미사일 사용(7/29-30)— 약 1년 만의 대우크라이나 북한 미사일 재사용; 일가족 5명 사망,젤렌스키 7/30 발표— 러시아 야간 공격에 북한 미사일 사용·일가족 5명 사망; 우크라이나 레이더가 KN-23/KN-24와 일치하는 비행경로 2개 탐지— 개전 이래 약 1년 만; 로이터— 장기 공백 후 재등장은 러시아가 꺼내 쓸 새 재고(fresh stockpile)의 방증; 3만 파병 준비(DB 7/27)·대러 SRBM 공장 가동 연장선— 북러 무기 이전 재개 물증으로 의회 강경파 제재 집행 강화론·한국 관련 NDAA 논쟁 논거 강화,,2,https://www.nknews.org/2026/07/russia-used-north-korean-missile-in-ukraine-for-first-time-since-2025-kyiv/
2026-08-03,통상,트럼프·이재명,미·한 정부,,트럼프-이재명 정상회담 8/25 워싱턴 개최 보도(전국 브리핑 8/3 [K])— 15%→25% 관세 인상 위협·방위비 분담 의제— 검증 필요,전국 일일 브리핑 8/3 [K] 항목 이관— 8/25 워싱턴 정상회담 보도; 의제— KORUS 이행법안 국회 비준 지연에 따른 15%→25% 관세 인상 위협(1월 트럼프 발표 연장선)·방위비 분담(GDP 3.8% 요구설); 단 브리핑 인용 CFR 기사는 2025-08-21자(2025년 8/25 1차 정상회담 대상)로 확인— 2026년 회담 일정 독립 확인 실패(8/3 검색); 링크 오기 vs 기사 오독 병존— 미확인(significance 1) 등재; 후속 확인 시 상향,,1,https://www.cfr.org/articles/united-states-south-korea-allies-and-trade-partners-summit-lee-trump
2026-08-04,북한,유엔 안전보장이사회/1718위원회,국제기구,,안보리— 8월 중 1718 DPRK 제재위 90일 보고서 비공개 협의 예정(SCR 8월 전망; 8/3 게재)— 제재위 의장 미임명·덴마크(8월 의장국) 대리 브리핑 가능성,Security Council Report 8월 전망(8/3)— 1718위원회 90일 보고서 비공개 협의 예정; 보조기구 배분 미합의로 위원회 의장 미임명— 관례상 의장국 덴마크 대리 브리핑 전망; 미국 신청 선박 7척 추가 지정(DB 7/29) 계류 국면서 위원회 기능 정체 공식 확인; PoE 부재·MSMT 권위 논쟁 지속— 미 의회 강경파의 독자 제재 집행 강화·MSMT 보강론 논거,,1,https://www.securitycouncilreport.org/monthly-forecast/2026-08/dprk-north-korea-35.php
2026-08-05,인사,미셸 스틸(주한대사),미 행정부,,스틸 주한대사 신임장 사본 제출·조현 외교장관 예방(8/4)— 공식 업무 개시·18개월 공석 절차적 종결,외교부 의전장에 신임장 사본 제출 후 조 장관 예방— 관례상 사본 제출로 공식 업무 개시(정식 제정식은 이후); 박두순 대변인 'draw on her understanding of the South Korea-U.S. alliance(한미동맹 이해 바탕 관계 강화 기대)'; 취재진 질문 무응답; 당면 의제— 쿠팡 분쟁·대미 투자 약정·핵추진잠수함; 부임 시리즈(DB 7/25·7/28·7/30·7/31) 완결,,1,https://www.upi.com/Top_News/World-News/2026/08/04/korea-US-Ambassador-Steel-meets-Korea-FM-Cho-credentials/8901785829992/
2026-08-05,안보,한국 국방부/AEI-ISW,한국 정부/싱크탱크,,국방부— SSN(장보고-N) 비확산 공약 법제화 법안 9월 초 발의 방침(7/29 발표; AEI-ISW 8/4 업데이트 조명)— 미 의회 심사 관문·쿠팡 변수 지적,법안— 'would not seek to develop; manufacture; possess; or use nuclear weapons(핵무기 개발·제조·보유·사용 안 함)' 기본 원칙 명시(중앙일보); IAEA·NPT 검증 기준 준수; 타당성조사·시험평가 생략 등 획득 가속; 2026년 1월 마키 서한 등 미 의원 핵 잠재력(latency) 우려 대응 해석; 원자력법 개정·신규 협정은 미 의회 심사 대상— 쿠팡 차별 논쟁이 의회 지지 저해 가능 경고; 호르무즈 자산 검토(7/29)·하산-두만강 교량 9월 개통 전망 병기,,2,https://www.aei.org/commentary/korean-peninsula-update-august-4-2026/
2026-08-06,북한,우크라이나 정보당국/러시아·북한,우크라이나/러시아·북한,,북한 미사일 부대 러시아 서부 보로네시 배치— 탄도미사일 최대 120발·발사대 6기 반입 전망(키이우 발표; 로이터 단독 8/5),약 90명 규모 미사일 부대 인력 보로네시주 제112미사일여단 편입 예정; KN-23/24 계열 최대 120발·발사대 6기 러시아 재고 추가 전망; 8/5 새벽 키이우 미사일·드론 복합 공격 최소 16명 사망(1주 새 세 번째 대규모 공습)과 병행; FPRI 롭 리— 탄도미사일 방어가 우크라이나 최대 취약점; 3만 파병 준비(DB 7/27)·KN-23 재사용(DB 8/2) 연장선— 북러 무기이전 확대 물증으로 의회 강경파 제재 집행 강화·NDAA 한국 조항 논쟁 논거,,2,https://www.reuters.com/business/aerospace-defense/north-korean-missile-unit-deploys-russia-ukraine-war-kyiv-says-2026-08-05/
2026-08-06,북한,김여정(노동당 중앙위 부부장),북한,,김여정— 일본 토마호크 시험발사에 '추가적 군사적 옵션(additional military options)' 경고 담화(8/5 KCNA),일본 해자대 이지스구축함 초카이의 태평양 토마호크 시험발사 지목— 미국이 토마호크 공급·함정 개조·시험 지원으로 일본 군비증강 조장 비난; 일본 장거리 타격능력 확보로 북한 등 주변국 사정권 주장— 'will set up additional military options(추가적 군사적 옵션을 마련할 것)' 경고(구체 내용 없음); 7월 이후 한미일 안보협력 비난 논평 최소 6건째; ARF 담화(DB 7/28) 후속— 한미일 협력·일본 역할 확대 반발 지속,,2,https://www.nbcnews.com/world/asia/north-korea-kim-yo-jong-warns-new-military-options-japan-rcna590916
2026-08-07,북한,북한군/미 인도태평양사령부,북한/미군,,북한 원산서 단거리탄도미사일 발사(8/6 오후 5시경 KST)— 한미 연례연합훈련 앞 무력시위; INDOPACOM '즉각 위협 아님',원산 일대서 동해상 SRBM 최소 1발(8/6 오후 5시경 탐지); 한미 연례연합훈련 개시 수일 전·김여정 일본 토마호크 경고 담화(DB 8/6) 다음날; INDOPACOM— 'does not pose an immediate threat(즉각적 위협 아님)'·동맹 방위 공약 재확인·'consulting closely(긴밀 협의)'; 한국 NSC '안보리 결의 위반 도발' 규정; 일본 고이즈미 방위상 베이징 대사관 경로 항의; 히로시마 원폭 기념일 당일 발사(재팬타임스); 러 배치 물증(DB 8/6)과 함께 의회 강경파 논거— 스틸 대사 업무 개시·SSN 법안 국면서 도발 사이클 재가동,,2,https://www.foxnews.com/world/us-north-korea-missile-launch-poses-no-immediate-threat-consulting-closely-allies
2026-08-07,선거연계,영 김(Young Kim; R-CA-40),미 의회(공화),CA-40,영 김 동아태소위원장— 초당파 CODEL 한국·일본·대만 순방(8/2 발표)— JSA·주한미군 지도부 면담·쿠팡 방문,수브라마니얀(D-VA-10)·핀스트라(R-IA-04)·클라우드(R-TX-27) 동행; 한국 일정— DMZ JSA 시찰·USFK 지도부·정부 당국자·국회의원 면담; 쿠팡 방문— 미국 기업 'discriminatory regulatory treatment(차별적 규제 대우)' 우려 제기(하원 법사위 보고서 연장선); 조선·반도체 업계와 $350B 투자 파트너십 이행 논의; 한국계 현역(공화)의 안보·통상 행보— RIMPAC 참관(DB 7/27) 후속,CA-40,2,https://youngkim.house.gov/2026/08/02/east-asia-and-pacific-chair-young-kim-leads-delegation-to-south-korea-japan-and-taiwan-to-reaffirm-americas-indo-pacific-alliances/
2026-08-08,통상,짐 조던(하원 법사위원장)·이사·피츠제럴드·바움가트너,미 의회(공화),,하원 법사위 공화 4인— 한국 '가짜뉴스법'(정보통신망법 개정) 관련 KMCC 위원장에 서한(8/6)— '표현의 자유 중대 위협'·8/20까지 브리핑 요구,김종철 방송미디어통신위원회(KMCC) 위원장 수신 서한(8/6)— 작년 12월 국회 통과·지난달 발효 정보통신망법 개정 지목; 법원의 '허위조작정보' 최대 5배 손해배상 판정·KMCC 최대 10억원(약 $65.6만) 과징금 권한 문제 제기; 'a major threat to online speech and expression(온라인 언론·표현에 대한 중대 위협)'·'specifically aimed at American companies(미국 기업을 특정 겨냥)'— 유튜브·페이스북·X·인스타그램 거명; 8/20까지 한국 정부 브리핑 요구; 모스 탄 전 국제형사사법대사 동법 기소·출국금지(첫 공판 9/11) 배경; 쿠팡 보고서(DB 7/4)·영 김 쿠팡 방문(DB 8/7) 잇는 법사위발 규제 전선 확대— 관세·통상 긴장 국면 가중,,2,https://www.cnbc.com/2026/08/06/jim-jordan-south-korea-fake-news-law.html
2026-08-08,북한,조현(외교장관)·정동영(통일장관),한국 정부,,조현-정동영 대북정책 공개 충돌(8/7 보도)— 조 장관이 정 장관 관여 구상을 '이상주의적' 비판— 이재명 정부 대북 접촉 재개 모색 속 균열 노출,조현 외교장관이 정동영 통일장관의 관여(engagement) 구상을 'idealistic(이상주의적)'이라고 공개 비판(로이터/US News 8/7)— 이재명 정부의 평양 접촉 재개 모색 국면; 원산 SRBM 발사(DB 8/7) 다음날 서울 대북 라인 혼선 노출— 워싱턴 조율 복잡화·관여 회의적 의회 강경파 논거,,1,https://www.usnews.com/news/world/articles/2026-08-07/south-korea-ministers-clash-publicly-over-north-korea-policy-as-lee-pushes-engagement
2026-08-09,인사,위성락(국가안보실장)·미셸 스틸(주한대사),한국 정부/미 행정부,,위성락 안보실장-스틸 주한대사 첫 회동(8/7 대통령실 발표)— 부임 예방— 스틸 대사 서울 채널 본격 가동,대통령실— 위 실장이 스틸 대사 부임 환영·한미관계 강화 방안 의견 교환(8/7 금요일 발표); 예방 성격이나 계류 현안 산적— SSN(핵추진잠수함) 협상·한미 원자력협정(123협정) 개정 가능성·쿠팡 분쟁·대미 투자; 신임장 사본 제출(DB 8/5)→안보실장 회동으로 부임 시리즈 연장— SSN 법안(9월 발의 방침)·UFS 훈련·10월 SCM 앞두고 동맹 협의 라인 완비,,1,https://www.upi.com/Top_News/World-News/2026/08/07/skorea/2651786145839/
2026-08-09,안보,한미 군 당국/국방부,한미 정부,,한미— UFS 훈련(8/17-27)으로 미래 연합사 FOC 평가 사실상 완료 방침— 10월 워싱턴 SCM서 전작권 전환 목표연도 공식 설정 가속(8/6 보도),국방부— 을지 자유의 방패(UFS; 8/17-27)를 통해 미래 연합사령부 완전운용능력(FOC) 평가 완료 계획; 10월 SCM(워싱턴)서 OPCON 전환 목표연도 공식화 추진; 이재명 정부 2030년 전환 완료 제안·2026 미 NDS는 한국의 대북 억제 'primary responsibility(주된 책임)' 주문; NDAA 주한미군 감축 제한 조항(하원 FY27 통과) 논쟁과 교차— SCM 목표연도 발표 시 사이클 최대 동맹 재편 신호,,2,https://www.upi.com/Top_News/World-News/2026/08/06/skorea/2301786050750/
2026-08-11,안보,한미 군 당국/합동참모본부,한미 정부,,한미 UFS(을지 자유의 방패) 연합훈련 공식 발표(8/10)— 8/17-27; 드론·GPS교란·사이버 위협 대응 신규 반영— 북 SRBM 재개 수일 만,한국군 약 1만8천명 참가; 컴퓨터 시뮬레이션 CPX·야외기동훈련·정부 을지 비상대비훈련 병행; 대대급 이상 FTX 14회(2025년 대대·중대급 39회 대비 축소— 이재명 정부 긴장완화 기조 해석); 원산 SRBM(DB 8/7) 수일 만 발표— 북한 통상 연합훈련을 'rehearsals for an invasion(침공 리허설)'로 비난·무력시위 대응 전례; UFS로 미래연합사 FOC 평가 완료·10월 워싱턴 SCM서 전작권 전환 목표연도 공식화 방침(DB 8/9)의 실행 국면,,2,https://www.koreatimes.co.kr/southkorea/defense/20260810/s-korea-us-to-hold-ufs-exercise-from-aug-17
2026-08-12,법안표결,백악관 OMB/미 의회,행정부/의회,,백악관 OMB— FY27 NDAA 정책성명(SAP; 7/21)으로 해군 함정 4척(전투함 2·지원함 2) 해외 조선소 건조 승인 의회 압박— 한국 조선소 활용 검토(AEI 8/11 조명),OMB SAP(H.R.8800; 7/21 제출)— 수상전투함 2척·비전투 지원함 2척 해외 건조 승인 요구; 'driving significant and direct foreign investment into domestic shipyards(국내 조선소 직접투자 유도)' 명분; 뉴시스·USNI— 의회 승인 시 한국·일본 조선소·설계 검토; 하원 NDAA 해외 건조 금지 조항(DB 7/24)·SASC §8679 특례 폐지 초안(DB 7/20)과 정면 충돌; HD현대·한화오션(구축함·군수지원함)·삼성중공업 등(급유함) RFI 기발송; 9월 상하원 조정회의가 결정 무대; 코리아타임스 8/5 보도— AEI 8/11 업데이트 조명 계기 등재,PA 상원(McCormick 서사),2,https://www.aei.org/commentary/korean-peninsula-update-august-11-2026/
2026-08-13,안보,주한 미 해병대(3해병사단)/미 육군,미군,,주한 미 해병대— 한국 내 첫 FPV 자폭드론 실사격 훈련(7/30·8/5 포천 로드리게스 사격장; 8/6 발표)— UFS(8/17-27) 직전 우크라이나형 전훈 이식,4해병연대(3해병사단)— 2회 실시— 7/30 3경장갑수색대대 첫 사격·8/5 7해병연대 3대대; Neros Archer FPV(유효사거리 약 20km)로 약 900m 모의 막사에 6발 전탄 명중; 미 육군도 동반 시험(밀리터리타임스 8/10); UFS 드론·GPS교란·사이버 신규 반영(DB 8/11) 기조 부합— 우크라이나 전훈의 소부대 정밀타격이 주한미군에 실전 배치; 2026 NDS 대북 재래식 억제 'primary responsibility(주된 책임)' 이양 논의 속 미군 자체 현대화 트랙,,2,https://www.stripes.com/branches/marine_corps/2026-08-06/marines-fpv-drones-debut-south-korea-22471128.html
2026-08-14,북한,북한군/한미일 당국,북한/한미일 정부,,북한 원산서 중거리급 추정 탄도미사일 발사(8/12 오전 6시경 KST)— 6일 새 2번째·2026년 11번째— 북 매체 이례적 침묵,700km 이상 비행·정점고도 약 90km(56마일)— 홋카이도 서쪽 일본 EEZ 밖 낙하; UFS(8/17-27) 발표 이틀 뒤— 8/6 SRBM(DB 8/7) 이후 훈련 전 도발 사이클 주 단위 가동; 8/13 현재 북 관영매체 두 발사 모두 미보도— 통상 공개 패턴 대비 이례적 공백— 개량 무기 시험 vs 한미일 탐지능력 평가 관측(디플로매트); 의회 강경파 제재 집행·NDAA 한국 조항 논거 보강,,2,https://www.koreajoongangdaily.com/korea/north-korea-fires-second-ballistic-missile-in-six-days-ahead-of-koreaus-drills/12821740
2026-08-14,안보,스콧 윈터(유엔사 부사령관),유엔군사령부,,윈터 유엔사 부사령관— UFS가 북한의 러시아 실전경험·기술·미사일 개발 반영해 설계(8/13 서울 브리핑)— 미사일 2발 '전략 메시지' 단정 경계,러시아 파병 최대 1만4천 명(우크라이나 정보당국 인용) 실전 교훈·기술 사용 증가 반영; 8/6·8/12 발사— 'conflate what might be routine testing into some form of strategic messaging(일상적 시험을 전략적 메시지로 혼동)' 경계·분석 중; 대대급 이상 FTX 17→14회— 횟수가 복잡성 지표 아님 부연(8군-한국군 도하작전 예시); 한국 경찰 8/10 연합훈련 정보 수집 혐의 중국군 출신 2명 체포— 작전보안 'timely reminders(시의적절한 상기)'; 북러 루프(DB 7/27·8/2·8/6·8/12)의 동맹 훈련 설계 환류 공식 확인— UFS 드론·사이버 반영(DB 8/11) 연장선,,2,https://www.stripes.com/theaters/asia_pacific/2026-08-13/ulchi-freedom-shield-exercise-korea-22537947.html
2026-08-15,산업,도널드 트럼프(대통령),미 행정부,,트럼프— '미 해군·조선산업기반 재건' 각서 서명(8/13 현지)— 외국 조선소 군함 최대 2척 건조 조건부 허용— 한화오션 거제 조선소 수혜 유력,각서 대상— 미국 내 조선소 신설·인수 외국 조선사(한화— 2024년 필리조선소 100% 인수로 요건 충족); 조건— 미국인 고용·훈련·모국 기술 라이선스 이전·3척째부터 미국 내 건조·미 공급망 사용; 함종 3종 한정— 수상전투함·군수지원유조함·로로선; 번스-톨레프슨법 국가안보 면제(핀란드 쇄빙선 모델 원용); 국방장관에 90일 내 조달계획·무역합의 자금(MASGA 1500억 달러 연계) 해양산업기반 투자 전환 계획 지시; 80여 년 만의 제5 해군 조선소 신설 지시; 하원 NDAA 해외 건조 금지·상원 비전투 지원함 한정과 충돌(DB 8/12 OMB SAP 후속)— 9월 조정회의·예산 심사가 관문; 한화오션 주가 8/15 5% 급등,PA 상원(McCormick 서사),3,https://en.sedaily.com/international/2026/08/14/trump-opens-door-for-hanwha-ocean-to-build-2-us-warships-in
2026-08-15,통상,미 행정부/김정관(산업장관),미 행정부/한국 정부,,미— 한국 2천억 달러 대미투자 프로젝트 발표 지연 시 15% 상호관세 유지 위험 경고(KED 8/14)— 7월 말부터 이메일 반복 압박,소식통— 워싱턴이 7월 말 이후 이메일로 투자 이행 압박; 김정관 산업장관 추가 방미 가능성 거론; 텍사스 198억 달러 가스발전 단지가 1호 투자 후보(7/28 보도); 트럼프 1월 25% 복원 위협·2월 루비오 'mood is not good(분위기 안 좋다)' 경고 연장선— 15% 관세율이 투자 이행의 상시 인질; 중간선거 전 발표 가능한 외국인투자 성과 필요 국면과 맞물림,,2,https://www.kedglobal.com/business-politics/newsView/ked202608140012
2026-08-15,북한,북한 외무성 대변인,북한 정부,,북 외무성 대변인 담화(8/13; KCNA 8/14)— UFS를 'a rehearsal for an aggressive war(침략전쟁 리허설)' 규정— '새로운 수준의 위협에 새로운 수준의 억제력' 대응 천명,이번 사이클 첫 공식 반응— 자국 8/6·8/12 발사 관영매체 침묵(DB 8/14) 속 발표; 올해 UFS가 지난 5년과 다르다(드론·전자전·사이버 반영)는 한미 설명을 대결 준비 자인으로 규정; 한미일 협력 'turning into a nuclear alliance(핵동맹화)' 비난; '책임 있고 결정적인 자위권 행사' 경고— 훈련 기간(8/17-27) 추가 도발 예고 신호— 주 단위 도발 사이클(DB 8/7·8/14) 연장; 의회 강경파 제재 집행·NDAA 한국 조항 논거 보강,,2,https://www.globalsecurity.org/wmd/library/news/dprk/2026/dprk-260814-kcna01.htm
2026-08-16,안보,미 해군/USS 조지워싱턴함·USS 에이브러햄링컨함,미 해군,,조지워싱턴함 태평양 이탈 중동행— 서태평양 미 항모 공백(AP 8/15)— UFS(8/17-27) 개시 직전,워싱턴함이 중동에서 링컨함 교대 예정; 링컨함— 대이란 작전 지원으로 5월 귀환 연장·240일 이상 무중단 해상— 승조원 정신건강·보급 문제로 민주당 의원들 조사·정보공개 요구; 항모 11척 중 통상 2~3척 전개— 시어도어루스벨트함 샌디에이고 출항 시 4척 동시 전개·워싱턴함 태평양 복귀 가능(공백 단기 관측); 클라크(허드슨)— 정비 적체(maintenance debt)로 향후 수년 항모 전개 축소 전망; 폴링(CSIS)— 행정부가 'the exact opposite(정반대)' 수행; 클라크— 중국이 'the U.S. is not the big dog in the western Pacific anymore(미국은 더 이상 서태평양의 최강자가 아니다)' 서사에 활용; 북 '새로운 수준의 억제력' 예고(DB 8/15)·UFS 개시와 겹쳐 확장억제 가시 자산 공백,,2,https://www.pbs.org/newshour/world/u-s-pulls-last-aircraft-carrier-in-asia-as-trump-focuses-on-iran-and-the-western-hemisphere
2026-08-16,산업,한화디펜스USA/오스탈(Austal),한화/호주 오스탈,AL(모빌),한화디펜스USA— 오스탈USA 인수 최대 12억 달러 예비 제안(8/10-11 공개)— 앨라배마 모빌 조선소 겨냥,예비적·비구속적 제안 10.5억~12억 달러— 대상은 오스탈USA 법인·모빌 조선소·미국 내 지원사업(현금·부채 제외 순자산 기준); 오스탈 이사회 4주 실사 기간 부여— 계약 검토 및 미 해군·해안경비대·국방부 접촉 허용; 동시 공시로 오스탈 7973만 달러 손실; 2024년 말 필리조선소 인수(약 1억 달러) 후속 북미 방산·조선 기반 확대; 트럼프 8/13 각서(DB 8/15)가 군함 건조 자격을 '미국 내 조선소 신설·인수 외국 조선사'로 한정— 인수 성사 시 한화 자격 기반이 필리조선소 1곳에서 확대— MASGA 1500억 달러 물리적 실행 경로 확장; 외국 자본의 미 군함 건조 조선소 인수로 CFIUS·NDAA 조항 심사 쟁점화 소지,PA 상원(McCormick 서사),2,https://news.usni.org/2026/08/10/hanwha-makes-1b-bid-to-acquire-austal-usa-shipbuilder-declares-79-73m-loss
2026-08-17,통상,이재명(대통령)·여한구(통상교섭본부장)·김정관(산업장관),한국 정부,,이재명— 여한구 통상교섭본부장 전격 경질(8/14 금 자정부; 8/16 보도)— 김정관 산업장관 8/16(일) 급거 방미— 관세·쿠팡·투자 미결 국면서 대미 협상 창구 교체,대통령실이 8/14 오후 산업통상자원부에 통보— 당일 자정부 해임; 사전 인지자 극소수— 대통령실 '인사 사항 확인 곤란'; 여 본부장은 지난해 한미 관세협상 USTR 카운터파트— 정부 관계자들 '극히 이례적' 평가; 정부 고위관계자 '한미 관세협상과 무관'— 개인 사유 가능성 시사; 미확인 지라시성 의혹 유포— 여 측 '사실과 명백히 다르다'·법적 대응 검토; 이 대통령 8/11 국무회의 '권한 남용·직무 태만·비위 엄정 문책' 발언과 연결 관측; 미결 현안— 301조 강제노동 12.5% 관세(DB 7/9)·쿠팡 분쟁·2천억 달러 투자 이행 압박(DB 8/15)·과잉생산 조사 결과 8월 말 발표 예정; 김정관 장관 8/16 워싱턴 출발(연합)— 추가 방미 관측(DB 8/15) 현실화; 관측— 중간선거 전 트럼프의 투자 압박 가중 국면서 신속 대응 곤란 우려,,3,https://www.koreajoongangdaily.com/korea/lees-sudden-dismissal-of-trade-minister-called-into-question-amid-ongoing-issues-with-us/12827017
2026-08-17,북한,이재명(대통령),한국 정부,,(back-fill) 이재명 광복절 경축사— 한반도 정전체제의 평화체제 전환 위한 남·북·미 또는 남·북·미·중 회담 공식 제안(8/15)— 북핵 진전 억제 병기,제81주년 광복절 경축사(세종문화회관)— '종전과 불안정한 정전체제를 평화체제로 전환하는 여정에 나설 것'·'서로를 위협하려는 모든 의도를 내려놓고 직접 당사자 간 대화를 시작하자'; 대화가 '북한 핵능력 고도화를 억제할 실효적 방안 마련'에도 기여 주장; 작년 3원칙(체제 존중·흡수통일 배제·적대행위 중단)에서 진전— 올해 남·북·미 3자 또는 남·북·미·중 4자 회담 형식 공식 제기; 1953년 정전협정 서명 주체가 유엔사(미국 주도)·북한·중국이라는 점에서 미국 동의가 전제— 미 의회 관여 회의론(DB 8/8·8/12)과 충돌 소지; 대일 메시지는 '역동적 셔틀외교로 신뢰 기반'— 다카이치 야스쿠니 공물 봉납에도 직접 비판 자제,,2,https://www.koreajoongangdaily.com/korea/lee-urges-korean-peninsula-peace-talks-involving-united-states-china-in-liberation-day-address/12826382
2026-08-17,안보,마코 루비오(국무장관),미 행정부,,(back-fill) 루비오 국무장관 광복절 축하 성명— 한국을 'indispensable partner(없어서는 안 될 동반자)' 규정— 경제안보·핵심광물·조선 협력 심화 적시(8/15),국무부 대변인실 명의 언론성명— 'The United States remains proud to stand with the ROK; an indispensable partner; as we continue working together to expand prosperity(미국은 번영 확대를 위해 함께 일하는 없어서는 안 될 동반자 한국과 함께 서 있음을 자랑스럽게 여긴다)'; '70여 년간 공유 가치·상호 신뢰·상호 안보와 번영에 대한 확고한 공약에 뿌리를 둔 동맹'; 지난 가을 트럼프 대통령 국빈 방한을 토대로 경제안보·핵심광물·조선(shipbuilding) 협력 심화 명시— MASGA·트럼프 8/13 각서(DB 8/15) 기조와 일치; UFS 개시(8/17)·이재명 평화체제 제안(같은 날)과 같은 날 발신— 행정부 공식 메시지는 통상·산업 협력에 초점·대북 대화 언급 없음,,2,https://www.state.gov/releases/office-of-the-spokesperson/2026/08/republic-of-korea-national-day-2
2026-08-17,북한,북한군/한국 합동참모본부,북한/한국군,,북한군 다수 병력 동부전선 군사분계선(MDL) 월선— 한국군 경고사격(지난주 발생; 8/16 정부 소식통 확인)— 2026년 첫 경고사격,정부 소식통 8/16— 지난주 동부전선에서 북한군 다수 병력이 MDL 월선— 작전 예규에 따라 경고방송 후 경고사격— 북한군 원위치 복귀·추가 특이동향 없음; 올해 북한군 MDL 위반 보고는 이번이 처음— 한국군 경고사격도 2026년 첫 사례; 작전 중 우발적 월선 추정(순찰 중); 2023년 말 김정은 '적대적 두 국가' 선언 이후 북한의 MDL 일대 요새화 작업 과정에서 단기 월선 빈발— 2025년 17회; UFS(8/17-27) 개시 직전·북 외무성 '새로운 수준의 억제력' 예고(DB 8/15) 국면— 훈련 기간 우발적 충돌 위험 지표,,2,https://www.koreajoongangdaily.com/korea/north-korean-troops-cross-border-trigger-warning-shots/12826516
2026-08-17,북한,김정은(국무위원장)·블라디미르 푸틴(러시아 대통령),북한/러시아,,김정은-푸틴 광복절 축전 교환(8/15~16; KCNA·노동신문)— 김정은 '더욱 훌륭한 미래' 언급— 북러 전략적 동반자관계 심화 재확인,푸틴이 일본 항복 81주년(8/15) 축전 발송— 김정은 답전에서 소련 붉은군대의 조선 해방 기여 언급·대러 관계에 대한 자부심 표명·양국 관계의 '더욱 훌륭한 미래(more excellent future)' 기대; 노동신문 게재(8/16); 자국 8/6·8/12 미사일 발사에는 관영매체 침묵 유지(DB 8/14) 중 대러 메시지는 정상 발신— 대미 침묵/대러 과시의 비대칭; 파병 3만~5만 준비(DB 8/12)·미사일부대 보로네시 배치(DB 8/6) 국면의 정치적 상부구조— 의회 강경파 제재 집행·NDAA 한국 조항 논거 보강; 이재명 4자회담 제안(같은 주말)과 대비되는 북측 우선순위 시사,,1,https://www.koreajoongangdaily.com/korea/norths-kim-anticipates-more-excellent-future-with-russia-in-message-to-putin/12826526
2026-08-18,안보,도널드 트럼프(대통령)·피트 헤그세스(전쟁장관),미 행정부,,트럼프— 헤그세스에 한미 연합훈련 '대폭 축소' 지시(8/16 트루스소셜)— UFS 개시 몇 시간 전; 2기 들어 첫 연합훈련 축소 지시— 훈련은 8/17 예정대로 개시,트럼프 게시— 'Based on my very good relationship with Kim Jong Un; of North Korea; I am not happy with the fact that the United States has; long ago; agreed to participate in Joint Military Exercises with South Korea(김정은과의 매우 좋은 관계에 비추어 미국이 오래전 한국과의 연합훈련 참가에 합의한 사실이 불만)'; 훈련이 'not only costly(비용이 많이 들 뿐 아니라)'— 비용 상당분 미국 부담— 'send a signal that is totally inappropriate and hostile(전적으로 부적절하고 적대적인 신호)'; 북한을 '내가 대통령인 동안 위협적이지 않고 예의를 갖춰온 나라'로 규정; 'it is too late to cancel(취소하기엔 너무 늦었다)'며 중단 아닌 축소— 'substantially reduce(대폭 축소)' 지시; '다소 무관한' 사안이라며 이재명에 이란 비핵화 동참 요청했으나 'No thanks!(사양하겠다)' 답변 받았다고 주장; UFS 8/17 예정대로 개시(8/27까지·한국군 약 1만8천명)— 한국 국방부 'proceeding as previously notified and scheduled(기존 통보·계획대로 진행)'— 군 당국자 8/17 현재 미측의 규모 조정 구체 요청 없음; 감축 대상은 미측 참가분— 실제 감축 폭 미계량(추적 대상); 선례는 2018년 6월 싱가포르 회담 직후 중단 발표; 전국 브리핑 8/18 [K] 미확인 플래그 해소분(AP/NPR·알자지라·NBC·WP·한국 통신사 확인),,3,https://www.npr.org/2026/08/17/g-s1-138969/trump-exercises-south-korea
2026-08-18,안보,잭 리드(D-RI)·마크 켈리(D-AZ)·앤디 김(D-NJ)·톰 틸리스(R-NC)·프라밀라 자야팔(D-WA),미 의회(초당파),,훈련 축소에 초당파 의회 반발(8/17)— 리드 상원군사위 간사 '무분별한 결정'; 틸리스(R-NC) 이례적 공화 이탈— '북한군 수천 명을 푸틴 지원으로 풀어주는 것'; 앤디 김 '일방 발표할 일 아니다',잭 리드(상원 군사위 민주 간사)— 'another inane; haphazard decision(또 하나의 무분별하고 즉흥적인 결정)'·'When President Trump cuts military exercises to flatter a dictator or punishes South Korea for declining to join a war he started; all of our allies — and adversaries — think that America's commitments are negotiable(독재자에게 아부하려 훈련을 줄이거나 자신이 시작한 전쟁 불참을 이유로 한국을 벌하면 동맹과 적성국 모두 미국의 공약이 협상 가능하다고 여긴다)'·'중국과 러시아가 지켜보고 있다'; 마크 켈리(군사위)— 'hollowing out these joint exercises is shortsighted and a mistake(연합훈련 공동화는 근시안적이며 잘못)'— 트럼프 게시 수 시간 만; 앤디 김(상원 유일 한국계)— 'Decisions about joint exercises need to be made jointly – and not announced unilaterally by social media(연합훈련 결정은 공동으로 내려야 하며 소셜미디어 일방 발표할 일이 아니다)'·안보·경제·통상·기술 유대 강화 압박 계속 천명; 자야팔(D-WA)— 역내 안정에 'dangerous(위험)'; 틸리스(R-NC; 은퇴 예정 현직)— 'South Korea has been a solid military ally for over 70 years that possesses exquisite military capabilities(한국은 70년 넘게 탁월한 군사역량을 갖춘 굳건한 동맹)'·'Reducing joint exercises with South Korea does nothing more than free up thousands of North Korea's troops to support Putin's systematic kidnapping; torture; rape and murder of innocent Ukrainian citizens(연합훈련 축소는 푸틴의 조직적 납치·고문·강간·살해를 지원할 북한군 수천 명을 풀어주는 것 이상이 아니다)'; 틸리스가 반대 논거를 북러 파병 파이프라인(DB 7/27·8/12)으로 경유— 의회 강경파가 제재 집행·NDAA 한국 조항용으로 축적해 온 증거 기반이 행정부를 향해 전환; 현재는 성명 단계— 9월 NDAA 조정회의 문안·본회의 수정안 전환 여부가 관건; NC 상원은 Tier-1이나 틸리스 은퇴로 본인 선거 동기는 없음,NC 상원,2,https://www.aljazeera.com/news/2026/8/17/democrats-rebuke-trump-over-scaling-back-military-drills-with-south-korea
2026-08-18,북한,대통령실(한국)/이재명 정부,한국 정부,,대통령실— 훈련 축소에 '페이스메이커' 역할 천명(8/17)— 북미 정상 관계가 '의미 있는 대화'로 이어지길 기대; 9월 유엔총회·11월 선전 APEC 계기 트럼프-김정은 회동 관측 부상,대통령실 관계자— '오늘 트럼프 대통령의 소셜미디어 메시지를 주목'·'북미 정상 간 우호적 관계가 양국 간 의미 있는 대화로 이어져 한반도 평화와 안정을 진전시킬 논의가 시작되기를 기대'·'긴밀한 한미 협력하에 페이스메이커로서 필요한 외교적 노력'; 훈련 관련— '한미는 굳건한 연합방위태세 유지와 연합연습·훈련에 관해 긴밀히 협의해 왔으며 구체 사항은 계속 협력'; 이란 관련 트럼프 'No thanks!' 서술 반박— 한국이 '이란 휴전과 호르무즈 통항 자유 회복 국제 논의에 적극 참여'·'한반도 대비태세와 국내 법 절차 등을 고려해 실질적·군사적 기여 방안을 미측과 현재 협의 중'— 사실관계 상충(판정 보류·추적 대상); 여당 의원·외교 소식통— 9월 유엔총회 계기 시진핑 방미 국면서 비핵화 논의 재개 가능성·11월 선전 APEC 연계 아시아 순방서 김정은 회동 타진 가능성 관측; 북한은 연합훈련 중단을 대화 전제조건으로 요구해 온 만큼 축소는 일방적 선지급으로 해석; 이재명 광복절 4자회담 제안(DB 8/17)과 방향은 같으나 서울은 사전 협의 대상 아니었음— '페이스메이커' 언어는 기정사실의 역할 전환 시도,,2,https://www.koreajoongangdaily.com/korea/blue-house-vows-to-serve-as-pacemaker-for-us-with-north-as-trump-calls-for-reduced-joint-drills/12828179
2026-08-18,통상,김정관(산업장관),한국 정부,,김정관 산업장관 댈러스 도착(8/16 현지)— 2천억 달러 투자계획 '예상보다 많은 쟁점' 공개 인정— 8월 말 발표 목표 명목 유지; 여한구 경질 이틀 만의 단독 고위 채널,김 장관— '8월 말이나 9월 초쯤 프로젝트 발표를 검토한다고 앞서 말했지만 최종 단계에 접근하면서 실무 차원의 구체적 쟁점들이 여러 건 나오고 있다'·'예상했던 것보다 여러 쟁점이 나오고 있다'·'어떻게든 풀어서 8월 말 목표를 맞추자는 목표로 왔다'; 2천억 달러는 관세율 25%→15% 인하 대가인 3500억 달러 공약의 잔여분— 1500억 달러는 조선 협력 배정; 산업부— 섹션 301 과잉생산 조사 결과 이달 말 발표 예상; 지난달 발표 섹션 301 강제노동 관세(60개 교역국 10~12.5%)에서 한국은 일본·스위스와 함께 12.5% 적용— 과잉설비 조사 대상 16개 경제권에도 포함; 2천억 달러 패키지의 실무 단계 지연을 서울이 처음 공개 인정— 여한구 통상교섭본부장 경질(DB 8/17) 이틀 만; 워싱턴 아닌 댈러스에서 채널 개시— 텍사스 198억 달러 가스발전 단지 1호 발표 후보설과 부합; 15% 상호관세율은 여전히 인질(DB 8/15); 11월 이전 발표 가능한 외국인투자 성과 수요가 8월 말 목표를 정치적 날짜로 만듦,,2,https://www.upi.com/Top_News/World-News/2026/08/17/korea-Korea-Industry-Minister-Kim-Jung-hwan-Seoul-Washington-resolve-investment-plan/6881786958284/
2026-08-18,통상,백악관 무역제조업정책국(OTMP)/피터 나바로,미 행정부,,(back-fill) 백악관 OTMP 'The Great Transshipment Scam' 보고서(8/13; 8/14 보도)— 한국을 1군 최고위험 환적국으로 분류·경기도 반도체 벨트 적시— 나바로 한국 철강 덤핑도 별도 비판,보고서— 중국 수출업체가 40개국 이상 'shadow transshipment network(그림자 환적 네트워크)'로 미 관세 회피— 연간 노출 400억~3030억 달러 추정(골드만 400억·CEA 342억~896억(중간값 600억)·Exiger 750억·상무부 1090억·Altana 상한 3030억; 방법론 상이로 합산·직접비교 불가 단서); 한국은 캐나다·EU·인도·이스라엘·일본·멕시코·대만과 함께 Category 1 'Diversified Scale Leaders' 분류; 경기도 반도체 벨트를 중국 연계 집적회로(HS 854239) 유통 경로 가능성으로 특정— 피닉스·오스틴·포틀랜드·새너제이 반도체 생산에 경쟁 압력 가능 서술('Ugly Sister Cities' 비교는 확인된 불법 환적 사례 아님 명시); 나바로— 중국이 40여 개국으로 '수출을 세탁'·보고서는 'a warning to the world(세계에 보내는 경고)'·같은 브리핑서 한국 철강 덤핑 비판하며 관세가 'only defense(유일한 방어수단)'; 보고서 자체 단서— 고위험 분류가 불법 환적 입증 아님·교역 이동 상당분은 실제 생산·소싱 변화; 나바로— 진행 중 섹션 301 조사와 '완전히 별개'이나 향후 협상 참고 가능; AI 기반 'Detective Border' 시스템·6/3 행정명령(원산지 허위신고 시 약 1년 소급 관세) 병행; 강제노동 12.5% 관세·과잉생산 조사에 이은 세 번째 대한 통상 전선— 이번엔 반도체 기반 겨냥— 김정관 장관의 2천억 달러 협상 지렛대화 소지,,2,https://www.upi.com/Top_News/World-News/2026/08/14/White-House-China-tariffs-transshipment/2941786740283/
2026-08-20,안보,한국 합참·미 국방부·안규백(국방장관)·조현(외교장관),한미 군당국/한국 정부,,UFS 공식 5일로 단축 확정(8/19)— 8/27→8/21 종료·11일→5일·2단계(반격) 취소·연합 야외기동 축소; 조현 '한미 어느 쪽도 사전 인지 못함' 국회 답변,한국 합참·미 국방부 당국자 8/19 확인— 8/17 개시 훈련이 8/21 종료(원래 8/27)·11일→5일; 합참— '미측 제의로 기간·범위 부분 조정 합의'·일부 연합 야외기동훈련 축소(세부 협의 중); 미 국방부 당국자— 훈련 및 연계 실기동을 'substantially reduced(대폭 축소)'·일부 'cancelled or switched to simulations(취소 또는 시뮬레이션 전환)'·다만 'preserve essential readiness and training aims; with no degradation to U.S. training objectives(필수 준비태세·훈련목표 유지; 미측 훈련목표 저하 없음)'— 쟁점화된 주장으로 취급(판정 보류); 안규백 국방장관— 2단계 취소 방향(초기 방어 단계 후 반격작전 상정 단계); 조현 외교장관 8/19 국회— 한미 어느 쪽 당국자도 트럼프 지시 사전 미인지; 이재명 8/18— 을지훈련은 방어적·대북 공격이나 긴장 고조 의도 없음; 왕이 중국 외교부장 8/19~8/20 방한(역내 안보협의)— 서울서 미국의 대북 'hostile policy(적대정책)' 전환 촉구; 핵심 비용은 전작권— UFS 26은 미래연합사 완전운용능력(FOC) 공동평가 수행 예정이었고 서울은 인증 후 연내 SCM에서 전환 시기 제안 계획(2025년 11월 한미 합의)— 훈련 반감·반격단계 삭제로 인증 증빙 기반 상당 부분 제거; 8/18 DB 등재 '트럼프 축소 지시'의 실행 확정분— 전국 브리핑 8/20 [K] '미확인 플래그 해소' 반영,,3,https://www.defensenews.com/news/pentagon-congress/2026/08/19/us-south-korea-to-cut-length-scope-of-military-drills-after-trump-order/
2026-08-20,북한,김여정(노동당 중앙위 부부장),북한,,김여정— 훈련 축소 '논평할 가치 없다' 일축(8/19 밤 KCNA)— 다만 '두 정상 관계는 여전히 훌륭'·강경 어조 배제; 같은 날 KCNA는 담화 아닌 '논평' 형식으로 트럼프 언급 회피,김여정 담화— 'We think it's not worth making comments on that and we have no interest in it at all(논평할 가치도 없고 전혀 관심 없다)'; 규모·기간이 줄어도 훈련의 성격은 여전히 도발적·공격적— 올해 진행된 다른 한미 훈련들과 한국의 핵추진잠수함 추진 병기; 'The relationship between the two leaders remain excellent(두 정상 간 관계는 여전히 훌륭하다)'— 김정은이 트럼프에 'good memories(좋은 기억)' 보유·다만 최근 소통 여부는 본인 미인지; 통상의 강경 어조 부재가 특징; 같은 날 앞서 나온 KCNA 논평— 미국·한국을 'warmongers(전쟁광)'로 지칭하며 자위권 계속 행사 천명하되 트럼프·그의 지시·축소 사실은 일절 미언급; 홍민(통일연구원)— 고위급 담화나 무력시위가 아닌 논평 형식 선택은 대화 여지를 남기려는 의도로 해석 가능; 평양은 양보를 수취하되 상응 조치 없음— 이번 일방 축소가 교환이 아닌 선지급임을 확인시키는 대목; 8/14 '압도적 대응' 경고·훈련의 '침략전쟁 연습' 규정에서 어조 후퇴,,2,https://www.military.com/north-korea-shrugs-off-trumps-scaled-back-drills-with-south-korea-saying-it-changes-nothing
2026-08-20,북한,도널드 트럼프(대통령)/미 당국자(WSJ 인용),미 행정부,,"WSJ(8/18 ET)— 트럼프, 이르면 올가을 김정은 대면 회동 타진하도록 참모진 압박; 11월 선전 APEC 계기 아시아 순방 거론— 공식 준비는 미착수(로이터 독자확인 불가)",월스트리트저널이 미 당국자 인용 보도(8/18 ET; 코리아헤럴드 8/19 KST)— 트럼프가 'as soon as this fall(이르면 올가을)' 김정은과의 대면 회동을 탐색하도록 참모진에 압박; 11월 아시아 순방(중국 선전 APEC 정상회의) 계기 논의— 다만 'No formal preparations for a summit have begun(정상회담 공식 준비는 착수되지 않았다)'; 로이터 독자 확인 불가·백악관 논평 요청 무응답— 미확인 상태로 등재(추적 대상); 트럼프 8/17— 김정은이 자신의 조치에 '반응했다'고 언급하되 세부 미공개; 엘렌 김(한미경제연구소 KEI 선임연구원)— 훈련 지시의 목적을 세 갈래로 판독: 통상 합의상 대미 투자 이행 속도에 대한 서울 압박·이란 국면에서 시선 이전·대(對)평양 외교 재개— 'Trump is trying to catch three birds with one stone here(트럼프는 여기서 돌 하나로 새 세 마리를 잡으려 한다)'; 훈련 축소가 단독 비용 불만이 아니라 정상회담 트랙 내부에 있음을 보여주는 첫 소스 기반 보도이자 2천억 달러 투자 패키지(8월 말 시한)와의 연결 고리; 트럼프-김 1기 3회 회동(2018 싱가포르·2019 하노이·2019 판문점)— 비핵화 합의 도출 실패; 11월 이전 회담은 중간선거 막판 국면과 겹침— 상원 군사위 민주(리드·켈리)·틸리스(R-NC)는 이미 반대 진영,,2,https://www.koreaherald.com/article/10844783
2026-08-21,북한,도널드 트럼프(대통령)·안규백(국방장관),미 행정부/한국 정부,,트럼프— 연내 김정은 회동 명시(8/19 'Yeah; I will be')— 북한 핵무기 '57기' 공개 특정(미 대통령 최초); 비핵화 목표 여부 답변 회피— 안규백 8/20 국회 '80~120기' 추정 제시,8/19 백악관 앞 기자문답— 2026년 내 김정은 회동 여부에 'Yeah; I will be(그렇다; 만날 것)'— 시기·장소 미공개; 같은 자리에서 북한이 '57 very powerful nuclear weapons(매우 강력한 핵무기 57기)' 보유 발언— 연합뉴스는 미 대통령이 북 핵무기 수량을 공개 특정한 최초 사례로 보도— 출처·기준(조립 탄두/배치 무기) 모두 미제시; 같은 날 별도 브리핑— 재관여 목표가 비핵화인지에 대한 답변 회피·김정은과 '좋은 관계' 반복·자신이 대통령일 때 일본과 한국이 '훨씬 안전' 주장; 안규백 국방장관 8/20 국회 국방위— 한국 측 추정 대략 80~120기·'숫자가 다소 다른 것으로 보인다'·'정확한 수치는 제시할 수 없다'— 공개 특정이 북한 핵보유국 지위 공식 인정이 되기 때문·트럼프 추정치 논평 거부; 그 밖 공개 추정 SIPRI 약 60기(2026-01 조립 탄두)·FAS 약 60기(2026)·KIDA 이상규 127~150기; WSJ 11월 선전 APEC 계기 회동 추진 보도(DB 8/20) 직후— 회담 공식 발표 없음·북한도 준비 확인 없음(추적 대상); 탄두 수 특정은 핵무기고를 관리 대상 재고로 취급하는 화법— 비핵화 목표 미확인과 결합 시 CVID 틀에서 군축 틀로의 이동 가능성 시사; 서울은 핵보유국 표찰을 인정하지 않고서는 미 대통령 수치를 정정할 수 없는 구조; '57기'는 주장으로 취급— 확정 사실 아님; 전국 브리핑 8/21 [K] 반영,,3,https://www.stripes.com/theaters/asia_pacific/2026-08-20/north-korea-nuclear-weapons-trump-22605818.html
2026-08-21,북한,북한/한국 합동참모본부·대통령실 국가안보실,북한/한국 정부,,북한— 축소된 UFS 기간 중 단거리탄도미사일 약 10발 연속 발사(8/20 17시경 평양 일대→동해)— 2026년 11번째 탄도 발사; 안보실 회의 소집,합참 8/20 17시경 평양 일대 발사 포착— 동해 방향; 합참·연합 집계 약 10발(NK News 약 12발)— 서울 집계 기준 2026년 11번째 탄도 발사·8/12 이후 처음; 합참— 추가 발사 대비 감시·경계 강화·미일과 정보 공유·완전 대비태세 유지; 대통령실 국가안보실— 국방부·합참 참석 회의 소집·대응 및 안보 영향 평가— '을지 자유의 방패 연습이 진행 중인 상황'에서 철저한 대비태세 유지 강조·유엔 안보리 결의 위반 도발 중단 촉구; 발사는 트럼프 정상회담 발언(8/19) 몇 시간 뒤·김여정의 훈련 축소 '논평할 가치 없다' 담화(DB 8/20) 다음 날; 평양은 8/17~8/19 미측 일방 양보를 수취하고 수사적 상응을 거부한 뒤 자신을 위해 축소된 바로 그 훈련 기간에 발사— 동시에 정상 간 채널은 형식상 '훌륭' 유지; 정상회담 전 자제가 아니라 양보 수취 후 입장료 인상 전략과 부합— 선지급 논지(DB 8/18·8/20)의 실증; NDAA 조정회의 앞 '분위기용 양보 불가' 논거 보강,,2,https://www.upi.com/Top_News/World-News/2026/08/20/North-Korea-fires-ballistic-missiles-East-Sea/3501787219581/
2026-08-21,산업,한화디펜스USA/한화에어로스페이스·미 육군,한국 기업/미 행정부,AL,"한화— 미 육군 기동전술곡사포(MTC) K9MH 시제 계약 수주(8/18~8/19 발표)— 초기 1억 30만 달러·최대 2억 6,290만 달러— 한국 방산 최초의 완성 무기체계 미 군 사업; 생산지 앨라배마 겨냥","미 육군— 한화디펜스USA를 Mobile Tactical Cannon(MTC; 기동전술곡사포) 사업 K9 Mobile Howitzer(K9MH) 시제 공급업체로 선정; 초기 계약 1억 30만 달러— 최대 2억 6,290만 달러; 시제 6문 가속 인도 + 12문 옵션; 노후 M777 견인곡사포를 대체할 155mm 고기동 차륜형 플랫폼; 국내 보도— 한국 방산기업이 완성 무기체계(complete weapons system)로 미 군 사업을 수주한 최초 사례; 한화는 앨라배마 생산 겨냥; 국내 업계 추정 최종 소요 약 500문·10조 원(약 71억 달러)— 계약 물량 아닌 전망치(단서); 2천억 달러 패키지 지연(DB 8/18)과 섹션 301 3개 전선(강제노동 12.5%·과잉생산 조사·환적 보고서; DB 8/18) 압박 국면에서 한국 자본이 미 조달 체계 내부 구조적 지분을 매입하는 대항 흐름— 한화는 MASGA 조선 트랙(필리 조선소 50억 달러)과 육군 지상체계 양쪽에 진입; 앨라배마는 경쟁 연방 선거구 아니나 한국 투자 지도(GA 메타플랜트·PA 필리·TX 가스발전)를 네 번째 주로 확장— 행정부의 국내 일자리 서사 소재",,3,https://www.koreatimes.co.kr/business/companies/20260819/hanwha-aerospace-selected-to-build-prototypes-for-us-army-mobile-artillery-program
2026-08-22,안보,한국 합참·미 인도태평양사령부/한미 군당국,한미 군당국,,UFS 8/21(금) 종료 — 원래 8/27 대비 6일 단축·2단계(반격작전) 삭제; 예정된 연합 야외기동훈련(FTX) 14건도 절반 축소 합의(한국군 설명),AP/PBS 8/21— 한국군 지휘소연습 금요일 종료 확인; 이번 훈련은 원래 2단계·11일 일정— 8/21까지 방어작전·8/27까지 반격작전— 북한이 가장 민감하게 반응하는 2단계가 삭제된 것; 한미는 UFS 기간 중 연합 FTX 14건 시행 예정이었으나 '이 또한 절반으로 줄이기로 합의(agreed to halve them)'— 한국군 설명; 미 인도태평양사령부— 8/20 발사가 미 본토·역내 동맹에 즉각적 위협 아님·본토 및 동맹 방위 공약 유지 천명; 북한 입장은 이 조치가 대화 복귀 설득에 '충분치 않다(isn't enough)'— AP; 축소가 일수만의 문제가 아님이 확인된 지점— 2단계 삭제는 반격작전 연습을·FTX 반감은 실기동 반복을 제거; 둘 다 UFS 26이 수행 예정이던 미래연합사 FOC 인증의 증빙 기반(DB 8/20)— 서울이 올해 SCM에서 제안하려던 전작권 전환 일정표는 문서적 근거 상실; 9월 FY27 NDAA 조정회의에서 초당파 반대 그룹(리드·켈리·앤디 김·자야팔·틸리스; DB 8/18)이 '발표'가 아닌 수량을 근거로 삼을 수 있게 됨; 전국 브리핑 8/22 [K] 반영,,2,https://www.pbs.org/newshour/world/u-s-south-korea-military-drill-wraps-up-early-a-day-after-north-koreas-missile-barrage
2026-08-22,안보,조현(외교장관)·정구연(강원대)·유지훈(KIDA)·조지프 윤(전 주한대사대리)·왕이(중국 외교부장),한국 정부/전문가/중국,,조현 8/19 국회— 훈련 단축 지시에 '3500억 달러 대미 투자 이행 가속 압박' 성격도 있다고 판단 제시; EAI·중앙일보 조사 대미 신뢰 45.4% 대 불신 46%로 균열,조현 외교장관 8/19 국회— 트럼프의 훈련 단축 지시가 관세 인하 대가인 3500억 달러 대미 투자를 서둘러 이행하도록 서울을 압박하려는 의도도 일부로 보인다(로이터 8/19); 미국의 대북 대화 추진 국면에서 '한미동맹이 약화되지 않도록(to make sure the South Korea-U.S. alliance does not weaken)' 최선을 다하겠다·사전 미통보 인정; 정구연(강원대)— 김여정 담화의 함의는 '정상회담의 문을 닫는 것이 아니라 재관여의 가격을 올리는 것(raising the price of reengagement; rather than closing the door to a summit)'·북미 합의 시 '미국은 정상회담의 외교적 이득만 취하고 한국은 대북 양보의 안보적 결과를 모두 떠안는다'; 유지훈(KIDA)— 양국 정부는 대북 외교 재개·한국의 자체 방위책임 확대라는 넓은 목표를 공유하며 차이는 거래적 방식— '한국인들이 안보 공약이나 연합훈련이 이란·투자·통상 같은 무관한 사안의 지렛대로 쓰일 수 있다고 믿기 시작하면 워싱턴의 신뢰성에 대한 확신이 약해질 수 있다'·더 큰 위험은 '정치적 신뢰의 점진적 침식(gradual erosion of political trust)'; 조지프 윤(전 주한 미국대사대리)— 단기 회동 성사되더라도 '형식적(pro forma)'일 수 있음; 중앙일보·동아시아연구소(EAI) 최근 조사— 미국을 신뢰할 수 있는 파트너로 보는 응답 45.4% 대 신뢰할 수 없다 46%; 부정적 인상 응답자 43.6% 중 4분의 3이 통상·투자·국방에서 동맹을 대하는 미국의 강압적 행태를 이유로 제시; 왕이 중국 외교부장 방한(8/19)— 한반도 평화·안정 촉진 계속 천명하되 정상회담 중재 가능성 질문에는 미북이 알아서 할 일·미국이 대북 적대정책 폐기해야 한다고 답변(DB 8/20 방한 등재분의 발언 세부); 준비태세 축소와 통상 파일이 하나의 협상임을 한국 각료가 공개 기록으로 확인한 첫 사례— 지금까지 이 연결은 분석적 추론(DB 8/18·8/20); 45.4 대 46 여론 균열은 '페이스메이커' 프레이밍(DB 8/18)과 이재명 공개 환영(DB 8/21)의 한계선; 트럼프 의도에 대한 조 장관 판독은 사실 확정이 아닌 의도에 관한 증언으로 취급,,2,https://www.npr.org/2026/08/21/g-s1-139466/as-trump-courts-kim-pyongyang-ups-price-while-seoul-fears-being-sidelined
2026-08-22,통상,김정관(산업장관)·하워드 러트닉(상무장관)·제이미슨 그리어(USTR 대표)·러셀 보트(OMB 국장),한국 정부/미 행정부,,(back-fill) 김정관 장관 8/16~8/19 워싱턴 라운드— 러트닉 2회(투자 프로젝트 쟁점·이행 일정)·그리어(섹션 301)·보트(조선 산업기반) 면담; 산업부 '이익의 균형' 유지 천명,산업통상자원부 8/19 발표(UPI/아시아투데이 8/19 19:47 ET)— 김정관 산업장관 일~수(8/16~8/19) 워싱턴 체류; 월·화 러트닉 상무장관과 전략투자 프로젝트의 '핵심 쟁점과 이행 일정' 심도 논의— 한미 조선협력센터 개소 계기 7/22~23 회동 약 3주 만; 8/19(수) 그리어 USTR 대표와 섹션 301 조사 포함 양자 통상 현안 협의·통상당국 간 소통 채널이 '안정적으로 계속 작동'하도록 요청; 러셀 보트 OMB 국장 면담 예정— 트럼프의 미 조선 산업기반 재건 구상 후속·한미 조선 협력 강화 방안; 산업부 관계자— '한미 통상관계가 안정적으로 유지되고 지난해 관세 합의로 확보한 이익의 균형이 유지되도록 적극 대응하겠다'; 라운드의 형태가 발견— 돈은 상무부 2회·301은 USTR 1회·조선은 OMB로 분산: 2천억 달러 패키지·301 세 전선(강제노동 12.5%·8월 말 예정 과잉생산 판정·환적 보고서; DB 8/18)·MASGA가 단일 카운터파트 없이 별도 트랙으로 진행 중임을 반영; '채널이 안정적으로 계속 작동하도록 요청'은 압박받는 채널에 대한 외교적 표현; '이익의 균형' 어법은 서울이 합의됐다고 보는 15% 상한 방어,,2,https://www.upi.com/Top_News/World-News/2026/08/19/industry-minister-us-investment-trade/6631787183035/
2026-08-22,산업,삼성전자·SK하이닉스·현대차그룹·현대제철·포스코,한국 기업,TX,(back-fill) 한국 대기업 대미 투자 약 100조 원(720억 달러) 가속(8/18~8/19 공시·일정)— 삼성 미주 비유동자산 47.8%↑·SK하이닉스 인디애나 팹 8/27 착공·현대제철 루이지애나 다음 달 초 착공— 2천억 달러 압박 국면의 완충재,서울경제 8/19(KST) 보도— 삼성전자 미주 비유동자산 6월 말 40조 6;414억 원(작년 말 27조 5;055억 원 대비 47.8% 증가)— 전체 비유동자산 중 미주 비중 11.9%→16%; 원인은 370억 달러(약 52조 원) 텍사스 테일러 팹— 1공장 연내 가동·2공장 연말 착공 후 2030년 양산 목표·1.4나노 확장 검토; 테일러는 미 빅테크용 파운드리— 테슬라·메타 등이 요구하는 AI 칩 현지 생산·공급; SK하이닉스 미국 비유동자산 48.9% 증가한 1조 1;003억 원— 38억 7;000만 달러(약 5.5조 원) 규모 인디애나주 웨스트라피엣 후공정 팹— 8/27 착공·2028년 2분기 가동 목표·56만 제곱미터·HBM4E(내년 출시)·HBM5(2028) 중심 전망; 최태원 SK 회장 CNBC 인터뷰— 미국 전공정 팹 부지를 '한 달 넘게 물색'·적지 확보 시 수십조 원 규모 투자계획 발표 의향 시사; 현대차그룹 2028년까지 미국에 260억 달러(약 36.7조 원) 투자 확정(제철·자동차·로봇)— 3분기 중 로봇 메타플랜트 응용센터(RMAC) 개소·휴머노이드 아틀라스 양산·2028년부터 미국 내 연 3만 대 목표·생산기지 부지 실사 착수; 현대제철 다음 달 초 루이지애나 전기로 일관제철소 착공— 총 58억 달러(약 8.2조 원)·현대제철 50%·현대차 15%·기아 15%·포스코그룹 20%·2029년 1분기 상업생산 목표·연 270만 톤 중 180만 톤을 고부가 자동차 강판에 배정; 보도 프레이밍— 미 행정부가 한국 정부의 2천억 달러 이행 속도에 불만을 표한 국면에서 기업 프로젝트가 완충재 역할; 정연승(단국대 경영학)— '미국은 계속 직접투자를 요구하고 대미 관계가 중요하므로 기업의 선제적 투자 확대가 불가피한 측면'·'다만 장기적으로는 우리 핵심 역량이 빼앗기지 않도록 관리해야 한다'; 기업 트랙이 정부 트랙을 앞지르는 비대칭— 정부 간 2천억 달러 패키지가 8월 말 목표를 넘기는 동안(DB 8/18) 민간 자본은 공사 일정 위에 확정; 서울에는 양날— 성의 입증인 동시에 협상력 약화(원하는 투자가 대가 없이 도착); 한국 투자 지도를 TX(테일러)·IN(웨스트라피엣; 8/27 착공은 선거 국면 안쪽)·LA로 확장— AL(한화; DB 8/21)·GA·PA와 연결; Tier-1 상원 레이스는 아니나 행정부의 국내 일자리 서사 소재,,2,https://en.sedaily.com/finance/2026/08/19/samsung-sk-hyundai-accelerate-100-billion-us-investment-push
2026-08-23,법안표결,상원 민주당 코커스·척 슈머(D-NY)·크리스 밴 홀런(D-MD)·태미 덕워스(D-IL),미 의회(민주),,상원 민주당; 훈련 축소를 당 메시지로 전환(8/21 금 ET X 동시 게시)— 코커스 계정 '김정은은 아무것도 내주지 않았다'; 슈머 김여정 'holds no interest for us' NYT 보도 인용— 8/17 상임위 핵심 반발(DB 8/18)과 구분되는 공보 채널 격상,상원 민주당 코커스 계정 8/21(금) ET— 'Trump canceled military exercises; undermined alliance with South Korea. Kim Jong-un gave up NOTHING. Then kept sending weapons to Russia to use against Ukraine(트럼프는 연합훈련을 취소하고 한국과의 동맹을 훼손했다. 김정은은 아무것도 내주지 않았다. 그러고는 우크라이나를 상대로 쓰일 무기를 러시아에 계속 보냈다)'; 척 슈머 원내대표— 'not even Donald Trump's self-proclaimed close friend Kim Jong-un respects him anymore(스스로 절친이라 칭한 김정은조차 더는 그를 존중하지 않는다)'·'the latest example of Trump embarrassing our nation on the world stage'— 김여정이 축소를 'holds no interest for us(우리에게는 아무 관심거리가 되지 못한다)'로 일축했다는 뉴욕타임스 보도 인용(8/19 '논평할 가치 없다' 담화[DB 8/20]와 다른 표현); 크리스 밴 홀런— 'cozying up to dictators — rolling over for Kim Jong-un and getting nothing in return(독재자에게 빌붙고 있다 — 김정은 앞에 드러누우면서 대가는 하나도 받지 못했다)'·'undermining our credibility throughout the world'; 태미 덕워스(작년 방한)— 'Gutting them to appease nuclear-armed Kim Jong-un is a grave mistake(핵무장한 김정은을 달래려 연합훈련을 도려내는 것은 중대한 실책)'; 8/17 반발(리드·켈리·앤디 김·자야팔·틸리스; DB 8/18)은 상임위 핵심 인사의 준비태세 언어였던 데 반해 금요일 게시물은 코커스 공보 채널과 군사위 비핵심 상원의원 2인— 훈련 축소가 제도적 이의제기에서 중간선거 당 메시지로 이동한 첫 관측; 덕워스(IL)·밴 홀런(MD)은 2026년 선거 대상 아님— 의미는 9월 FY27 NDAA 조정회의 앞 일반 청중용 소재 시험; 프레임은 동맹관리가 아닌 거래 손실(양보는 했고 평양은 무응답)— 서울에는 덜 유용: 트럼프-김정은 회동의 정치적 비용은 올리나 FOC 인증 증빙 기반(DB 8/20·8/22)은 복구하지 못함; 코커스 게시물의 대러 무기 이전 문구가 한국 파일을 우크라이나 파일에 연결,,2,https://www.koreajoongangdaily.com/korea/senate-democrats-assail-trumps-korea-drill-cuts/12837830
2026-08-23,안보,미 국무부 정치군사국·국방안보협력국(DSCA)·RTX Corp,미 행정부,,국무부; 대한민국 AIM-9X 사이드와인더 Block II 103발+전술유도장치 10기 FMS 승인— 추정 1억 2;500만 달러·주계약 RTX— DSCA 8/21 ET 의회 통보·심사 대상,국무부 정치군사국 8/21 ET 발표— 대한민국 요청 AIM-9X Sidewinder Block II 전술미사일 103발·전술유도장치(tactical guidance unit) 10기; 비주요방산품목으로 능동광학표적탐지기(active optical target detector)·교육훈련·무기체계 지원·훈련보조장비·예비품·미 정부 및 계약업체 엔지니어링/기술/군수지원 포함; 추정 가액 1억 2;500만 달러— 주계약업체 RTX Corp; DSCA 의회 통보 완료— 의회 통보 및 심사 대상; 국무부 근거— 'will support the foreign policy and national security objectives of the United States by improving the security of a major ally that is an important force for political stability and economic progress in the Indo-Pacific region(인도태평양의 정치적 안정과 경제적 진보에 중요한 힘인 주요 동맹의 안보를 개선함으로써 미국의 외교정책·국가안보 목표를 뒷받침한다)'; 정확히 통상적이기 때문에 기록— 같은 주 헤드라인은 일방적 준비태세 감축이나 장비 파이프라인은 실무 수준에서 일정대로 반대 방향으로 이동; 1억 2;500만 달러는 소액— 의미는 재정이 아니라 방향: 훈련 지시가 부처를 통해 전달된 태세 전환이 아니라 대통령 수준 단일 파일 결정이었다는 증거; 발표문에 훈련 결정과의 연계 없음— 보상으로 읽지 말 것(단서); 의회 심사 창이 9월 FY27 NDAA 조정회의와 겹침— '실무 동맹 온전' 논거로도 '준비태세를 장비로 대체' 논거로도 인용 가능하나 아직 어느 쪽도 제기되지 않음,,3,https://www.state.gov/releases/bureau-of-political-military-affairs/2026/08/korea-aim-9x-sidewinder-block-ii-missiles
2026-08-23,선거연계,프란체스카 홍(홍윤종; 위스콘신 주하원의원),미국 민주당,WI,(back-fill) 주정부 트랙 【수집 필요】 해소— 코리아헤럴드/연합 인터뷰 게재일 2026-08-13 확정(취재는 예비선거 당일 8/11 매디슨); WI 주지사 민주당 예비선거 크롤리 39.8% 대 홍 39.4%— 0.4%p 석패,코리아헤럴드 2026-08-13 게재 연합뉴스 인터뷰— 주정부 브리핑 8/23이 '존재는 확인되나 게재일·본선 함의 미확인'으로 달아둔 플래그를 해소; 홍 38세·한국 이름 홍윤종·한국 이민자 부모 아래 매디슨 출생·2020년 위스콘신 주하원 당선된 첫 아시아계 미국인; 발언— 'I am so proud to be a Korean American; and I am also so proud to be a Korean living in Wisconsin(한국계 미국인이라는 것이 무척 자랑스럽고; 위스콘신에 사는 한국인이라는 것도 무척 자랑스럽다)'·'It is the honor of my life to be able to run for governor of the state I love'; 팔뚝에 무궁화 세 송이 문신— 가장 큰 꽃 가운데에 위스콘신주 윤곽; 잠정 결과 데이비드 크롤리(밀워키 카운티 행정장) 39.8% 대 홍 39.4%— 크롤리는 에버스 주지사와 당 주류 대부분의 지지; 홍은 이민자의 딸 서사와 노동계층 의제(보편 보육·생계비)를 중심에 두고 풀뿌리 캠페인— 일부 조사에서 선두·전국적 주목·최초의 한국계 주지사 가능성 제기됐던 후보; 이 보도는 정책 신호가 아니라 혈통 프로필— 인터뷰에 한국 정책 내용 없음(중요도 1 사유); 이 트랙에 확립되는 바는 한국 언론이 혈통을 이유로 미국의 주 단위 레이스를 취재한다는 점— 한국계 주지사 후보가 성공할 경우 양자 이슈가 되는 통로; 홍 지지층의 크롤리 결집 여부는 여전히 미해결— 8/26 마켓 조사가 간접 판독 가능한 첫 도구,WI 주지사,1,https://www.koreaherald.com/article/10840188
