date,type,actor,affiliation,state_or_district,event,detail,race_link,significance,source_url
2026-06-14,북한,트럼프,R-행정부,,NSS서 북핵 비핵화 목표 문구 삭제,"2003년 이래 모든 정부 NSS에 있던 '북핵 위협 종식' 목표가 신규 글로벌안보 로드맵에 부재; Trump-Kim 회동 재개 기대 자극",,3,https://www.scmp.com/news/asia/east-asia/article/3335605/trump-drops-north-korea-denuclearisation-goal-2026-hints-talks-kim-jong-un
2026-06-14,북한,USNI/CRS,의회,,의회 제출 북핵·미사일 보고서 갱신,"북한 9차 당대회서 핵보유국 지위 '불가역적' 규정; 미국이 1718위원회에 제재 선박 7척 등재 제안했으나 중·러가 6월 중순까지 보류",,2,https://news.usni.org/2026/06/03/report-to-congress-on-north-koreas-nuclear-weapons-and-missile-programs-4
2026-06-14,북한,외교트랙,행정부,,대북 외교 2026 내내 후순위,"Iran 전쟁(2/28 개전)·Venezuela 작전이 외교 스포트라이트 흡수하며 대북 외교 정체; Trump-Kim 회동 관측만 지속",,1,https://www.38north.org/2026/02/the-2026-window-can-the-ember-of-us-north-korea-diplomacy-still-catch-fire/
2026-06-14,인사,주한대사(공석),국무부,,주한 미 대사 공석 장기화,"대사대리 이임·새 보직 이동설; 트럼프 행정부 한국 포함 약 80개국 정식 대사 미지명; 1기 때 Harris 지명까지 17개월 전례",,2,https://www.koreaherald.com/article/10650777
2026-06-14,통상,트럼프,R-행정부,,10월 무역합의 미비준 시 25% 관세 재인상 위협,"한미 10월 무역합의 비준 안 되면 25% 관세 재인상 위협(1/27 발언 배경); 윈도우 내 신규 진전 미확인",,2,https://www.orfonline.org/research/south-korea-s-policy-adjustments-under-trump-2-0
2026-06-14,선거연계,Young Kim,R-하원,CA-40,CA-40 Young Kim vs Ken Calvert 공화 동족 본선 확정,"Prop 50 재획정으로 한국계 현역 Kim과 6선 Calvert가 같은 신설구에 묶여 둘 다 본선행; 신설구는 2024 대선 기준 더 공화 성향이라 민주 픽업 대상 아님",CA-40,2,https://www.notus.org/2026-election/two-house-republicans-california-40th-district
2026-06-08,법안표결,Ami Bera,D-하원,CA-06,HR 3429 한미일 3자협력법 하원 통과,"한·미·일 의원 정례 협의체 설치를 국무부에 지시; 본회의 suspension of rules(구두표결) 가결 후 상원 외교위 회부; Young Kim 등 초당적 공동발의; congress.gov 액션 6/8 vs 보도 6/9 1일 차",,3,https://www.congress.gov/bill/119th-congress/house-bill/3429
2026-06-04,안보,Korea Caucus 공동의장단,초당파,,Korea Caucus 이재명 대통령 당선 축하 성명,"Bera(D)·Strickland(D)·Wilson(R)·Kelly(R) 4인 공동의장 명의; 한미동맹 강화 의지 표명; 한국전 75주년 언급",,2,https://bera.house.gov/news/press-releases/statement-from-the-co-chairs-of-the-congressional-korea-caucus-congratulating-president-lee-jae-myung
2026-04-29,북한,Young Kim,R-하원,CA-40,제23회 North Korea Freedom Week 라운드테이블 주재,"탈북민 11명과 인권유린 증언 청취; HR 5959 통과 촉구; Congressional Study Group on Korea 공동의장",CA-40,1,https://youngkim.house.gov/2026/04/29/rep-young-kim-chairs-north-korea-freedom-week-roundtable-urges-passage-of-north-korean-human-rights-reauthorization-act/
2025-11-07,법안표결,Young Kim,R-하원,CA-40,HR 5959 북한인권법 재승인법 발의,"2004년 북한인권법 재승인·갱신; 북한 주민 인권·정보접근 증진; Ami Bera(D)와 공동발의; Kim은 하원 외교위 동아태소위원장",CA-40,2,https://www.congress.gov/bill/119th-congress/house-bill/5959
2025-10,통상,Andy Kim,D-상원,NJ,한미 무역협정 관련 성명,"2025년 10월 미·한 무역합의에 대한 입장 표명; 한국계 첫 상원의원으로서 양국관계 발언; 정확 일자 미확인(월 단위)",,1,https://www.kim.senate.gov/newsroom/6
2025-09-05,선거연계,Dave Min,D-하원,CA-47,조지아 현대차 EV 공장 ICE 단속·한국인 구금 규탄,"현대차 배터리공장 ICE 단속으로 한국인 300여 명 포함 475명 구금; Min은 무차별 단속이 외국기업 대미투자를 위축시킨다 비판",CA-47,2,https://min.house.gov/media/press-releases/statement-rep-dave-min-condemns-detainment-hundreds-south-koreans-hyundai-ev
2025-07-24,법안표결,Young Kim,R-하원,CA-40,HR 4687 Partner with Korea Act 발의,"KORUS FTA 기반 한국 고급인력 대상 E-4 전문직 비자 연 15;000개 신설(미국인 대체 불가 조건); Kamlager-Dove(D)와 초당적 공동발의",CA-40,2,https://www.congress.gov/bill/119th-congress/house-bill/4687
2025-06-25,선거연계,Dave Min,D-하원,CA-47,Young Kim의 ICE 감사 결의안 규탄,"한국계 업소 대상 ICE 단속 와중에 ICE에 감사를 표하는 Young Kim 결의안을 비판; 한국계 의원 간 대립 사례",CA-47,1,https://min.house.gov/media/press-releases/watch-rep-dave-min-condemns-rep-young-kims-resolution-thanking-ice-agents-amid
2025-02-12,법안표결,Tim Kaine,D-상원,VA,S 555 한국계 이산가족 등록부법 발의,"국무부에 한국전쟁 후 북측 가족과 헤어진 한국계 미국인 이산가족 등록부 설치 지시; 상원 외교위 보고 완료; 하원 대응법안 HR 1273",,2,https://www.congress.gov/bill/119th-congress/senate-bill/555
2024-12,북한,Andy Kim,D-상원,NJ,한국 비상계엄 사태 관련 입장 표명,"윤석열 계엄 선포가 한국 민주주의 위협이라 논평; 한국계 첫 연방 상원의원(2024-12-09 취임); 정확 일자 미확인(월 단위)",,1,https://en.wikipedia.org/wiki/Andy_Kim_(politician)
2026-06-18,인사,Michelle Park Steel,R-국무부,,상원 본회의 Michelle Park Steel 주한대사 인준 가결(55-39),"한국계 전 CA 공화 하원의원; 4/13 트럼프 지명·6/4 외교위 14-8 통과 후 6/17 본회의 55-39 인준; Sung Kim 이후 두 번째 한국계 주한대사; 약 1.5년 공석 해소; 반대 39표 당파적 표결",,3,https://www.koreaherald.com/article/10774361
2026-06-18,선거연계,Grace Meng/Dave Min/Marilyn Strickland,D-하원,,한국계 의원들 Korea Caucus 창립자 Charles Rangel 추모 결의안 공동발의,"6/12 발의; 고 Rangel(Korea Caucus 창립멤버·한국전 참전·전 하원 세입위원장) 추모; 공동발의에 한국계 Dave Min(CA-47)·Marilyn Strickland(WA-10) 포함",,1,https://www.koreaherald.com/article/10770949
2026-06-19,선거연계,Julie Won,D-NYC 시의원/하원후보,NY-07,한국계 Julie Won NY-07 민주 예선(6/23) 도전 — 'NY주 첫 한국계 연방하원' 목표,"퀸스 시의원(뉴욕시의회 첫 한국계); 은퇴하는 Velázquez 후임 도전; 5월 다수 AAPI 단체 지지; NY-07 Safe D라 6/23 민주 예선이 사실상 승부처; 예선 결과 미확인(6/23 이후 갱신)",NY-07,1,https://qns.com/2026/03/won-launches-ny-7-bid/
2026-06-19,선거연계,Charles Park,D-하원후보,NY-06,한국계 Charles Park NY-06 민주 예선(6/23) 도전 — 현역 Grace Meng에 맞서,"퀸스 출신 한국계·전 미 외교관(Foreign Service); 현역 Grace Meng에 도전; NY-06 Safe D; 예선 결과 미확인(6/23 이후 갱신)",NY-06,1,https://www.cityandstateny.com/prediction-markets/races/ny-06-democratic-nominee
2026-06-24,선거연계,Julie Won/Claire Valdez/Grace Meng/Charles Park,D-하원후보,NY-07,NY-07·NY-06 민주 예선 결과 확정 — 한국계 Julie Won 3위 낙선; 11월 본선行 한국계 전무,NY-07(개표 ~87%) Claire Valdez(DSA·주의원) 58.1% 당선; Antonio Reynoso 32.5%; 한국계 퀸스 시의원 Julie Won 7.5%로 3위(5월 Emerson ~13%보다 하락); NY-06 현역 Grace Meng이 한국계 전 외교관 Charles Park 제압; 'NY주 첫 한국계 연방하원' 목표 무산; 양석 모두 Safe D로 의석통제 영향 없음,NY-07,2,https://www.brooklynpaper.com/valdez-beats-reynoso-ny-7-primary/
2026-06-26,선거연계,Andy Kim/Young Kim/Cory Booker,D-상원·R-하원,,KAGC 첫 'Korean American Night'(6/23 워싱턴 LG 사무소)— 한국계 정치력 과시·Partner with Korea Act 추진·Steel 주한대사 평가 분열,KAGC(재미한인유권자연대) 첫 Korean American Night 6/23 워싱턴 LG 사무소서 개최; 앤디 김(D-NJ)·코리 부커(D-NJ)·영 김(R-CA) 참석; 현 연방의원 한국계 4인·한국계 의회 보좌진 약 90명 강조; 영 김(하원 외교위 동아태소위원장) 'Partner with Korea Act'(한국 고급인력 대상 E-4 비자 최대 15000개 신설) 통과 추진 재천명·한국 美 8위 교역국·3500억달러 투자 언급; Michelle Steel 주한대사(6/17 55-39 인준) 평가 분열— 영 김 '적임자(right person at right time)'·앤디 김 '아시아계 후보 인종주의적 공격' 비판·사과 요구,,2,https://www.upi.com/Top_News/World-News/2026/06/25/Korean-American-Grassroots-Conference/5141782428602/
2026-06-26,산업,Hanwha Power(한화파워),한국 기업,OH,한화파워 美 전력시장 첫 진출— 오하이오 가스발전소에 가스압축기 3기 공급·9년 서비스계약,한화파워가 오하이오주 가스발전소에 가스압축기 3기 공급·9년 서비스 계약으로 美 전력시장 첫 진출(6/25 Asia Today); 한국 기업의 대미 에너지·산업 투자 흐름 일환; 직접적 의회·정책 연계는 없음(트렌드),,1,https://www.upi.com/Top_News/World-News/2026/06/25/hanwha-power-ohio-power-plant/3641782431486/
2026-06-26,산업,LS Cable(LS전선),한국 기업,VA,LS전선 버지니아 해저케이블 공장 핵심공정(201m 타워) 착수,LS전선이 버지니아 해저케이블 공장에서 201m 타워 건설 착수(6/25 Asia Today); 美 전력망·AI 데이터센터 전력수요 겨냥; 한국 기업 대미 산업투자 흐름(트렌드),,1,https://www.upi.com/Top_News/World-News/2026/06/25/ls-cable-201-meter-tower-virginia-subsea-cable-plant/5341782430471/
2026-06-28,산업,한국수출입은행·한미전략투자공사·조선3사(HD현대중공업·삼성중공업·한화오션),한국 정책금융/기업,,한·미 1500억달러 조선협력 투자동맹 출범·'한미 조선협력 투자협의회' 신설(6/25)— 2025-11 딜의 1500억달러 조선 패키지 첫 제도적 이행,한국수출입은행·산업은행·무역보험공사·해양진흥공사 등 정책금융기관과 한미전략투자공사가 HD현대중공업·삼성중공업·한화오션 조선 3사와 6/25 서울 수은 본점서 MOU 체결; '한미 조선협력 투자협의회' 신설(수은 사무국)— 美 조선소 투자·함정 건조·MRO·상선 등 프로젝트 발굴·정책금융 조율; MASGA(Make American Shipbuilding Great Again) 이행 첫 제도적 단계로 2025-11 한미 전략적 무역·투자 딜의 1500억달러 조선 패키지 구체화; 직접적 美 의회·표결 연계 없음(이행/트렌드),,2,https://www.koreaherald.com/article/10788249
2026-07-04,통상,US House Judiciary Committee(짐 조던 위원장)·한국 대통령실,R-하원 법사위/한국 정부,,美 하원 법사위 '한국의 미국기업 차별' 보고서(Closed for Competition) 발표(7/1)— 쿠팡 사례 중심·2025 무역합의 위반 주장; 한국 정부 7/2 '사실과 다르다' 반박,하원 법사위(공화) 35쪽 interim staff report 'Closed for Competition: South Korea's Discriminatory Attacks on American-owned Businesses' 7/1(ET) 발표; 쿠팡 데이터 유출(3370만명) 조사 계기— 임시 CEO Harold Rogers(미국 시민) 약 7시간 비공개 증언; 'whole-of-government assault' 주장— NIS의 중국 기기회수 지시 후 부인·Rogers 형사입건 위협·공정위 dawn raids·4.1억달러 과징금 '불비례'; 한국 디지털 규제(DMA 모델)의 미국기업 겨냥 '무기화' 주장; 2025 한미 무역합의 위반 주장·10년간 5000억달러+ 비용 경고; Rogers 'the most difficult regulatory environment(경력상 가장 어려운 규제환경)'; 한국 대통령실 7/2 'factually inaccurate(사실과 다르다)·쿠팡 주장 일방 의존' 반박; 트럼프 25% 관세 위협·§122 만료(~7/24) 국면과 중첩되는 의회발 통상압박 채널,,2,https://judiciary.house.gov/media/press-releases/new-report-exposes-south-koreas-discriminatory-attacks-american-owned
2026-07-07,통상,USTR,행정부,,美 USTR §301 강제노동 60개국 조사 절차 분수령— 서면의견 마감(7/6)·공청회(7/7); 한국 12.5% 추가관세 제안 대상,USTR 6/2 발표 §301 강제노동 조사(60개 경제권; 美 수입의 99%) 제안관세에 대한 서면의견 7/6(ET) 마감·공청회 7/7(ET) 개최; 한국은 강제노동 수입금지 미도입·미집행 54개 경제권에 포함돼 12.5% 제안 대상(10%는 금지제도 보유·약속 6개국— 캐나다·에콰도르·EU·인도네시아·멕시코·파키스탄); §122 10% 기본관세 만료(~7/24) 이후 대체 트랙으로 유력— 2025-11 한미 무역합의 15% 체계 위 중첩 리스크; 강제노동 수입금지 도입 약속 시 10% 구간 이동 여지,,2,https://ustr.gov/about/policy-offices/press-office/press-releases/2026/june/ustr-makes-findings-and-proposes-action-60-section-301-investigations-relating-failures-take-action
2026-07-08,안보,이재명·마크 뤼터(NATO),한국 대통령/NATO 사무총장,,이재명 대통령 NATO 앙카라 정상회의 참석(7/7)— 뤼터 첫 회담·IP4 회의 주재·'한-NATO 방산 파트너십 2.0' 제안,취임 후 첫 NATO 정상회의(제36차; 앙카라); 뤼터 사무총장 초청— 비동맹국 정상 참석은 이재명·젤렌스키 2인뿐; 7/7 도착 직후 뤼터와 첫 대면 회담·정상 만찬 참석; IP4 회의 주재(일본·호주·NZ는 국방장관급 참석); 방산 포럼서 무기판매 넘어 공동 개발·생산·운용 지향 'Korea-NATO Defense Industry Partnership 2.0' 제안— 세계 최대 방산시장 겨냥; 트럼프 조우 미확인(트럼프-젤렌스키 회담 7/8 예정; 이-트럼프 양자 일정 없음); 3500억달러 이행·15% 관세 체계는 지속 관찰; 정상회의 후 몽골 국빈방문 예정,,2,https://www.koreaherald.com/article/10801391
2026-07-09,안보,루비오·모테기·조현,한·미·일 외교장관,,올해 첫 한·미·일 외교장관 회담(7/8; NATO 앙카라 정상회의 계기)— 한반도 비핵화 재확인·북 사이버 공동 대응·경제안보 축 재확인,루비오 미 국무장관·모테기 일 외무상·조현 외교장관이 NATO 앙카라 정상회의(7/7~8) 계기 올해 첫 3국 외교장관 회담; '한반도 비핵화(denuclearization of the Korean Peninsula)' 공약 재확인; 북한 불법 사이버 활동 대응 협력 강화; 경제안보 핵심 축— 원자력·AI·양자기술 협력 심화·공급망 복원력·경제적 강압 공동 대응; 트럼프 대북 관여 기조에도 '비핵화' 문구 유지,,2,https://www.state.gov/releases/office-of-the-spokesperson/2026/07/united-states-japan-republic-of-korea-rok-trilateral-foreign-ministers-meeting
2026-07-09,산업,한·미·일 3국 정부,정부간 합의,,한·미·일 SMR(소형모듈원자로) 제3국 수출 협력 MOC 서명(7/7)— 인도태평양 초기 중점,3국 정부가 제3국 SMR 보급 가속화 3자 협력 프레임워크 MOC 서명(7/7; 앙카라 NATO 계기); 초기 중점 인도태평양; 한·미 원전수출 협력 구체 채널— 한국 원전산업(한수원·두산)의 미 주도 인도태평양 프로젝트 참여 여지; 향후 123협정 등 연계 관찰,,2,https://www.state.gov/releases/office-of-the-spokesperson/2026/07/the-united-states-japan-and-the-republic-of-korea-sign-a-trilateral-memorandum-of-cooperation-on-small-modular-reactor-deployments-in-other-countries/
2026-07-10,산업,美 국방부·해군/HD현대중공업·한화오션·삼성중공업,행정부/한국 조선3사,,美 국방부·해군 한국 조선3사에 구축함·중형 급유함 RFI 첫 발송(7/8 보도)— 미 정부의 한국 조선소 전투함 건조능력 첫 공식 타진,미 국방부(전투함/구축함)·미 해군(중형 급유함) RFI에 HD현대중공업·한화오션이 함정 설계·건조 역량 제출; 급유함 RFI엔 삼성중공업 포함 3사 회신— 연간 건조능력·설계인력·건조실적 등 제공; 트럼프 6월 G7(프랑스)서 이재명에 '미 군함 10척 빨리 지을 수 있나' 질문 후속; 정식 입찰 전 정보수집 단계로 MASGA 이행 구체화; Byrnes-Tollefson 수정조항(해군 함정 해외건조 금지)상 한국내 건조엔 법 개정 필요— NDAA 시즌 의회 이슈화 관찰,,2,https://www.koreatimes.co.kr/foreignaffairs/20260708/us-requests-information-on-korean-shipbuilders-naval-construction-capacity-sources
2026-07-11,산업,SK하이닉스,한국 반도체기업,,SK하이닉스 나스닥 ADR 상장(7/10)— 265억달러 조달로 외국기업 사상 최대 미국 상장; 첫날 약 +13% 마감,ADR 1억7790만주 주당 149달러(티커 SKHYV; 보통주 1주=ADR 10주); 265억달러 조달— 외국기업 미 증시 사상 최대·역대 3위(아람코 294억·스페이스X 857억 다음); 장중 168달러 터치(+17%) 후 약 +13% 마감; 청약 수요 공모 7배; 글로벌 HBM 점유율 약 56%— AI 반도체 수요 배경; 한미 자본시장 통합 심화·관세 리스크 헤지 상징,,2,https://www.forbes.com/sites/tylerroush/2026/07/10/sk-hynix-surges-17-in-record-setting-us-debut-heres-what-regular-investors-should-know/
2026-07-11,통상,이승헌(주미대사관 상무관)·한국무역협회,한국 정부/업계,,USTR §301 강제노동 관세 공청회서 한국 정부 '12.5% 부당' 공식 증언(7/9 ET)— 세율 15% 상한 시사 보도,주미대사관 이승헌 상무관 USTR 공청회(USITC 개최; 7/9 ET) 증언— 12.5% 제안관세 'neither appropriate nor necessary(적절하지도 필요하지도 않다)'; 강행 시 'more favorable treatment(더 유리한 대우)' 요구; KITA 회장 USTR에 유예·인하 촉구; 美측 §301 세율이 상호관세 15% 초과하지 않을 것이라 전달 보도; §122 10% 기본관세 7/24 만료 전 최종 발표 임박,,2,https://www.koreaherald.com/article/10804591
2026-07-12,산업,트럼프·이재명,미·한 대통령,,트럼프-이재명 NATO 앙카라 만찬 회동(7/7)— 군함 건조 협력 실무협의 진전 합의·이 대통령 방미(골프 포함) 조율,NATO 앙카라 정상회의 에르도안 주최 환영만찬(7/7 저녁)서 조우; 대통령실 대변인(7/8)— 미 군함 건조 협력 구체 방안 위한 실무급 협의 지속 합의; 이 대통령 한국 조선업 역량 강조·'최대한 협조' 언급; 적절한 시점 방미·골프 회동 조율 합의; 7/8 행의 '트럼프 조우 미확인' 결말— 만찬 계기 회동 확인; 국방부·해군 RFI(7/10 등재)와 맞물린 MASGA 최고위급 뒷받침,,2,https://www.koreaherald.com/article/10802825
2026-07-12,산업,하워드 러트닉(상무장관),행정부,,러트닉 삼성·SK하이닉스에 미국 내 메모리 팹 건설 압박(7/9 ET)— 'AI 메모리 부족' 이유·마이크론 뉴욕 착공식 발언,마이크론 뉴욕주 클레이 팹 콘크리트 타설식(7/9 ET)서 발언— 삼성전자·SK하이닉스에 미국 내 메모리 생산 확대 요구; 양사와 협의 중 확인(세부 비공개); 양사 호남권 약 800조원(5320억달러) 투자 발표 직후 압박; 업계는 DRAM 웨이퍼 팹 미국 이전이 궁극 목표로 관측; 연초 트럼프 '미건설 시 100% 관세' 위협과 연결; 마이크론 팹은 NY-22 경합지 인근— 반도체 일자리 중간선거 쟁점,NY-22,2,https://www.bloomberg.com/news/articles/2026-07-09/lutnick-presses-sk-hynix-samsung-to-boost-memory-output-in-us
2026-07-13,안보,제프리 재블론(RIMPAC 연합기동부대사령관·美 해군 중장),미 해군,,RIMPAC 2026서 한국 해군 사상 첫 해상구성군사령부(CMC) 지휘— 美 사령관 공개 호평(7/12 보도),김인호 해군 소장(한국 함대사령관) RIMPAC 해상구성군사령관 수행— 아시아 국가 최초; 재블론 중장 'extremely pleased(매우 만족)' 평가; 2024년 부사령관 수행 후 올해 지휘 승계; 정조대왕함·도산안창호함·P-8A 등 최신 전력 파견; 30개국·수상함 30여척·병력 약 3만(7/31까지); 해군 상호운용성— MASGA·군함 RFI 트랙의 동맹 신뢰 배경,,1,https://www.koreatimes.co.kr/southkorea/defense/20260712/us-commander-praises-koreas-rimpac-leadership
